id,name_ko,name_en,description,ingredients,category,spicy_level,image_url
1,간장게장정식,Soy Sauce Marinated Crab Served with Rice and Side Dishes,"This course meal consists of crab marinated in soy sauce, rice, and different side dishes. The crab marinated in soy sauce is made by fermenting fresh crabs in a boiled brine of soy sauce, green onion, and garlic.",[],상차림 [Sangcharim],0,https://via.placeholder.com/512?text=Soy+Sauce+Marinated+Crab+Served+with+Rice+and+Side+Dishes
2,백반,Combination Meals,"This is a meal of rice and soup served with various side dishes that are commonly eaten at home, such as vegetable salads, grilled fish, and kimchi. It is considered to be a typical Korean home-style meal.",[],상차림 [Sangcharim],0,https://via.placeholder.com/512?text=Combination+Meals
3,보리밥정식,Barley Rice Served with Side Dishes,"This course meal consists of a bowl of barley and rice or barley alone and different side dishes. The barley rice can be mixed with vegetables, gochujang (red chili paste), and sesame oil.",[],상차림 [Sangcharim],2,https://via.placeholder.com/512?text=Barley+Rice+Served+with+Side+Dishes
4,산채 정식,Wild Vegetable Dish Combo,"This course meal consists of rice and soup with vegetable side dishes, such as seasoned bracken, aster, mushroom, bonnet bellflower root, and fatsia shoot. These mild-tasting wild vegetables have distinctive flavors and fragrances.",[],상차림 [Sangcharim],0,https://via.placeholder.com/512?text=Wild+Vegetable+Dish+Combo
5,쌈밥 정식,Leaf Wraps and Rice Combo,"Traditional Korean course meal consisting of rice, fish, stir-fried pork, kimchi, green salad, pickled vegetables, and salted seafood with various leafy vegetables such as Korean cabbage leaves and lettuce with ssamjang (spicy dipping sauce), which is made by mixing gochujang (red chili paste), doenjang (soybean paste), and other seasonings.",[],상차림 [Sangcharim],2,https://via.placeholder.com/512?text=Leaf+Wraps+and+Rice+Combo
6,한정식,Korean Table d'hote,"The traditional Hanjeongsik is a set meal with an array of side dishes served with rice and soup. For a more modern dining experience, the meal is served in courses, including appetizers, rice as the main dish, various side dishes, and dessert.",[],상차림 [Sangcharim],0,https://via.placeholder.com/512?text=Korean+Table+d%27hote
7,곤드레나물밥,Thistle Rice,"Made with dried gondeure (thistle), a fragrant, wild mountain plant, which is soaked in water and squeezed, this dish is served with rice cooked with a little perilla oil and topped with seasoned thistle, along with some sauce.",[],밥 [Bap],0,https://via.placeholder.com/512?text=Thistle+Rice
8,굴국밥,Oyster and Rice Soup,"This is rice in an oyster soup made by boiling fresh oysters with radish, bean curd, onion, anchovy, and mushroom. Add brown seaweed and chive to the soup to remove the fishy smell oysters are known for.",[],밥 [Bap],1,https://via.placeholder.com/512?text=Oyster+and+Rice+Soup
9,굴밥,Oyster Rice,"Short grain rice presoaked and cooked. Oysters are added after the heat is turned off, allowing them to cook with the rice in the residual heat.",[],밥 [Bap],0,https://via.placeholder.com/512?text=Oyster+Rice
10,김밥,Gimbap,"Rice seasoned with salt and sesame oil and rolled up in a sheet of roasted gim (dried laver) with spinach, carrots, and pickled white radish.",[],밥 [Bap],0,https://via.placeholder.com/512?text=Gimbap
11,김치김밥,Kimchi Gimbap,"Cooked short grain rice seasoned with salt and sesame oil, spread thinly over a sheet of seaweed, and rolled with a filling of various basic ingredients, such as danmuji (yellow pickled radish), parboiled and seasoned spinach, pan-fried and beaten julienned egg and carrot, and ham strips, with or without chopped kimchi.",[],밥 [Bap],1,https://via.placeholder.com/512?text=Kimchi+Gimbap
12,김치볶음밥,Kimchi Fried Rice,"Rice fried with finely chopped kimchi. Beef, pork, onions, green onions, and other vegetables may be added according to taste.",[],밥 [Bap],2,https://via.placeholder.com/512?text=Kimchi+Fried+Rice
13,깍두기볶음밥,Diced Radish Kimchi Fried Rice,"Fried rice with kkakdugi (cubed radish kimchi). It is seasoned with kkakdugi liquid, sugar, soy sauce, and gochujang (red chili paste). Chopped meat, ham, or sausage may also be added.",[],밥 [Bap],2,https://via.placeholder.com/512?text=Diced+Radish+Kimchi+Fried+Rice
14,꼬마김밥,Mini Gimbap,"Smaller gimbap rolls filled with danmuji, ham, spinach, and carrot.",[],밥 [Bap],0,https://via.placeholder.com/512?text=Mini+Gimbap
15,꼬막비빔밥,Cockle Bibimbap,"Cooked rice mixed with cockles, soy-based sauce, and vegetables such as perilla leaves. Cheongyang chili peppers may be added.",[],밥 [Bap],2,https://via.placeholder.com/512?text=Cockle+Bibimbap
16,낙지덮밥,Stir-fried Octopus with Rice,"Stir-fried sliced onion and carrots with sauce, mixed with bite-sized octopus, served over rice.",[],밥 [Bap],3,https://via.placeholder.com/512?text=Stir-fried+Octopus+with+Rice
17,누룽지,Scorched Rice,The crispy crust of overcooked rice left at the bottom of a heated pot.,[],밥 [Bap],0,https://via.placeholder.com/512?text=Scorched+Rice
18,달걀볶음밥,Egg Fried Rice,"Fried rice with beaten egg, seasoned with soy sauce or salt.",[],밥 [Bap],0,https://via.placeholder.com/512?text=Egg+Fried+Rice
19,대나무통밥,Steamed Rice in Bamboo Tube,"Glutinous rice, short grain rice, beans, chestnuts, gingko nuts, and pine nuts steamed in a bamboo tube.",[],밥 [Bap],0,https://via.placeholder.com/512?text=Steamed+Rice+in+Bamboo+Tube
20,돌솥비빔밥,Hot Stone Pot Bibimbap,Bibimbap served in a sizzling hot stone pot with crispy rice at the bottom.,[],밥 [Bap],2,https://via.placeholder.com/512?text=Hot+Stone+Pot+Bibimbap
21,돼지국밥,Pork and Rice Soup,"Rice in a deep pork bone broth, served with suyuk, chili seasoning, and kimchi.",[],밥 [Bap],1,https://via.placeholder.com/512?text=Pork+and+Rice+Soup
22,따로국밥,Rice and Soup,"Soup served separately from rice, made by boiling beef and clotted cow’s blood.",[],밥 [Bap],1,https://via.placeholder.com/512?text=Rice+and+Soup
23,매운고추김밥,Spicy Green Chili Pepper Gimbap,"Gimbap filled with chopped Cheongyang chili pepper, carrot, and fishcake, known for its refreshing spiciness.",[],밥 [Bap],4,https://via.placeholder.com/512?text=Spicy+Green+Chili+Pepper+Gimbap
24,멍게비빔밥,Sea Pineapple Bibimbap,"Rice mixed with vegetables, beef, eggs, and gochujang, topped with sea pineapple.",[],밥 [Bap],1,https://via.placeholder.com/512?text=Sea+Pineapple+Bibimbap
25,메밀감자비빔밥,Buckwheat and Potato Bibimbap,"Rice mixed with kimchi, bean sprouts, and potatoes, wrapped in a buckwheat pancake.",[],밥 [Bap],1,https://via.placeholder.com/512?text=Buckwheat+and+Potato+Bibimbap
26,멸치김밥,Anchovy Gimbap,"Gimbap filled with braised anchovies, Cheongyang chili pepper, and mayonnaise.",[],밥 [Bap],2,https://via.placeholder.com/512?text=Anchovy+Gimbap
27,묵밥,Chilled Acorn Jelly and Rice Soup,"Rice topped with acorn jelly, cucumber kimchi, and crushed seaweed, served with cold broth.",[],밥 [Bap],0,https://via.placeholder.com/512?text=Chilled+Acorn+Jelly+and+Rice+Soup
28,밥,Steamed Rice,"Soft, moist short grain rice.",[],밥 [Bap],0,https://via.placeholder.com/512?text=Steamed+Rice
29,보리밥,Steamed Barley Rice,"Rice cooked with barley, often mixed with yeolmu kimchi or gochujang.",[],밥 [Bap],1,https://via.placeholder.com/512?text=Steamed+Barley+Rice
30,불고기덮밥,Bulgogi with Rice,Pan-fried bulgogi served over steamed rice.,[],밥 [Bap],1,https://via.placeholder.com/512?text=Bulgogi+with+Rice
31,비빔밥,Bibimbap,Rice topped with sautéed beef and a variety of colorful vegetables that is mixed at the table with spicy gochujang. A hint of sesame oil helps bring out the flavor.,[],밥 [Bap],2,https://via.placeholder.com/512?text=Bibimbap
32,산채비빔밥,Wild Vegetable Bibimbap,"A version of bibimbap topped with wild vegetables that grow in the mountains. Mixed at the table with spicy gochujang, it is a fragrant dish filled with the flavor of wild mountain vegetables.",[],밥 [Bap],2,https://via.placeholder.com/512?text=Wild+Vegetable+Bibimbap
33,삼선비빔밥,Three-delicacy Bibimbap,"Bibimbap topped with sea cucumber, abalone, grilled beef brisket, fresh vegetables, and ripe persimmon.",[],밥 [Bap],1,https://via.placeholder.com/512?text=Three-delicacy+Bibimbap
34,새싹비빔밥,Sprout Bibimbap,Rice topped with beef and assorted sprouts served with marinade.,[],밥 [Bap],1,https://via.placeholder.com/512?text=Sprout+Bibimbap
35,새우볶음밥,Shrimp Fried Rice,"Fried rice with shrimp and chopped vegetables seasoned with salt, soy sauce, and pepper.",[],밥 [Bap],0,https://via.placeholder.com/512?text=Shrimp+Fried+Rice
36,샐러드김밥,Salad Gimbap,"Gimbap filled with lettuce, paprika, and sprouts, offering a fresh and crispy texture.",[],밥 [Bap],0,https://via.placeholder.com/512?text=Salad+Gimbap
37,소고기국밥,Beef and Rice Soup,"Clear broth made by boiling cow leg bones, served with rice and sliced brisket.",[],밥 [Bap],1,https://via.placeholder.com/512?text=Beef+and+Rice+Soup
38,소고기김밥,Beef Gimbap,Gimbap with stir-fried ground beef seasoned with soy sauce.,[],밥 [Bap],0,https://via.placeholder.com/512?text=Beef+Gimbap
39,소머리국밥,Beef Head Meat and Rice Soup,"Soup made by simmering cow head and leg bones for hours, served with rice.",[],밥 [Bap],1,https://via.placeholder.com/512?text=Beef+Head+Meat+and+Rice+Soup
40,송어덮밥,Stir-fried Trout with Rice,"Fried rice topped with grilled trout, spicy gochujang sauce, and julienned green onion and garlic.",[],밥 [Bap],2,https://via.placeholder.com/512?text=Stir-fried+Trout+with+Rice
41,순대국밥,Blood Sausage and Rice Soup,"Sundae with rice served in a broth made with perilla seeds, ginger, and herbs.",[],밥 [Bap],1,https://via.placeholder.com/512?text=Blood+Sausage+and+Rice+Soup
42,쌈밥,Leaf Wraps and Rice,Rice wrapped in leafy vegetables or seaweed with seasoned sauce.,[],밥 [Bap],0,https://via.placeholder.com/512?text=Leaf+Wraps+and+Rice
43,알밥,Fish Roe Rice,"Warm rice topped with raw fish roe, danmuji, cucumber, carrot, kimchi, and sesame oil.",[],밥 [Bap],1,https://via.placeholder.com/512?text=Fish+Roe+Rice
44,양푼비빔밥,Large Brass Bowl Bibimbap,Bibimbap served in a large brass bowl for sharing.,[],밥 [Bap],2,https://via.placeholder.com/512?text=Large+Brass+Bowl+Bibimbap
45,연잎밥,Lotus Leaf Rice,"Glutinous rice, dates, and chestnuts wrapped in a lotus leaf and steamed.",[],밥 [Bap],0,https://via.placeholder.com/512?text=Lotus+Leaf+Rice
46,열무비빔밥,Young Summer Radish Bibimbap,Rice mixed with yeolmu kimchi and gochujang.,[],밥 [Bap],1,https://via.placeholder.com/512?text=Young+Summer+Radish+Bibimbap
47,영양돌솥밥,Nutritious Hot Stone Pot Rice,"Rice, grains, chestnuts, ginkgo nuts, and pine nuts cooked in a stone pot.",[],밥 [Bap],0,https://via.placeholder.com/512?text=Nutritious+Hot+Stone+Pot+Rice
48,오곡밥,Steamed Five-grain Rice,"Five different grains including glutinous rice, sorghum, millet, adzuki beans, and black soybeans.",[],밥 [Bap],0,https://via.placeholder.com/512?text=Steamed+Five-grain+Rice
49,오분자기돌솥밥,Small Abalone Hot Stone Pot Rice,Rice cooked with small abalone (haliotis supertexta) and broth in a stone pot.,[],밥 [Bap],0,https://via.placeholder.com/512?text=Small+Abalone+Hot+Stone+Pot+Rice
50,오징어덮밥,Spicy Stir-fried Squid with Rice,"Squid marinated in a spicy sauce with onions and carrots, stir-fried and served over rice.",[],밥 [Bap],3,https://via.placeholder.com/512?text=Spicy+Stir-fried+Squid+with+Rice
51,우거지사골국밥,Korean Cabbage and Rice Soup,"Ugeoji is the dried outer leaves of Korean cabbage, and is rich in vitamins, calcium, and fiber. To make this dish, dried ugeoji is boiled, drained, and seasoned with doenjang (soybean paste) and put in a bowl of beef bone broth with rice.",[],밥 [Bap],1,https://via.placeholder.com/512?text=Korean+Cabbage+and+Rice+Soup
52,우렁된장비빔밥,Freshwater Snail Soybean Paste Bibimbap,"Soybean paste boiled with onion, green pepper, mushrooms, and freshwater snails, served over rice with vegetables.",[],밥 [Bap],1,https://via.placeholder.com/512?text=Freshwater+Snail+Soybean+Paste+Bibimbap
53,우렁쌈밥,Freshwater Snail Leaf Wraps and Rice,Rice wrapped in leafy vegetables with gangdoenjang made with freshwater snails.,[],밥 [Bap],0,https://via.placeholder.com/512?text=Freshwater+Snail+Leaf+Wraps+and+Rice
54,육회돌솥비빔밥,Beef Tartare Hot Stone Pot Bibimbap,A stone-pot bibimbap with vegetables and beef tartare.,[],밥 [Bap],1,https://via.placeholder.com/512?text=Beef+Tartare+Hot+Stone+Pot+Bibimbap
55,육회비빔밥,Beef Tartare Bibimbap,Rice topped with seasoned vegetables and fresh beef tartare.,[],밥 [Bap],1,https://via.placeholder.com/512?text=Beef+Tartare+Bibimbap
56,잡곡밥,Steamed Multi-grain Rice,"Rice cooked with various grains such as beans, red beans, millet, and black beans.",[],밥 [Bap],0,https://via.placeholder.com/512?text=Steamed+Multi-grain+Rice
57,잡채덮밥,Stir-fried Glass Noodles and Vegetables with Rice,Rice topped with japchae made of glass noodles and stir-fried vegetables.,[],밥 [Bap],1,https://via.placeholder.com/512?text=Stir-fried+Glass+Noodles+and+Vegetables+with+Rice
58,장국밥,Beef and Rice Soup,Rice served with beef soup simmered with radish and bracken.,[],밥 [Bap],1,https://via.placeholder.com/512?text=Beef+and+Rice+Soup
59,장어덮밥,Stir-fried Eel with Rice,"Rice topped with grilled eel, ginger, and radish sprouts.",[],밥 [Bap],0,https://via.placeholder.com/512?text=Stir-fried+Eel+with+Rice
60,전복돌솥밥,Abalone Hot Stone Pot Rice,"Stone pot rice cooked with abalone intestines and broth, topped with sliced abalone.",[],밥 [Bap],0,https://via.placeholder.com/512?text=Abalone+Hot+Stone+Pot+Rice
61,전주비빔밥,Jeonju Bibimbap,"Bibimbap with vegetables, beef tartare, bean sprouts, and seasoning.",[],밥 [Bap],2,https://via.placeholder.com/512?text=Jeonju+Bibimbap
62,제육덮밥,Spicy Stir-fried Pork with Rice,Rice served with spicy stir-fried pork and vegetables.,[],밥 [Bap],3,https://via.placeholder.com/512?text=Spicy+Stir-fried+Pork+with+Rice
63,제육비빔밥,Spicy Pork Bibimbap,Rice mixed with spicy stir-fried pork and vegetables.,[],밥 [Bap],3,https://via.placeholder.com/512?text=Spicy+Pork+Bibimbap
64,제육쌈밥,Spicy Stir-fried Pork, Leaf Wraps and Rice,[],밥 [Bap],2,https://via.placeholder.com/512?text=Spicy+Stir-fried+Pork+Leaf+Wraps+and+Rice
65,주먹밥,Riceballs,"Rice shaped into balls with various fillings such as bulgogi, kimchi, or vegetables.",[],밥 [Bap],0,https://via.placeholder.com/512?text=Riceballs
66,진주비빔밥,Jinju Bibimbap,Rice topped with beef tartare and vegetables seasoned with soy sauce and sesame oil.,[],밥 [Bap],1,https://via.placeholder.com/512?text=Jinju+Bibimbap
67,참치김밥,Tuna Gimbap,Gimbap with a tuna and mayonnaise filling.,[],밥 [Bap],0,https://via.placeholder.com/512?text=Tuna+Gimbap
68,참치주먹밥,Tuna Rice Balls,"Rice balls filled with tuna and mayonnaise, sprinkled with seaweed flakes.",[],밥 [Bap],0,https://via.placeholder.com/512?text=Tuna+Rice+Balls
69,채소볶음밥,Vegetable Fried Rice,"Fried rice with carrot, onion, paprika, lotus root, burdock root, and broccoli.",[],밥 [Bap],0,https://via.placeholder.com/512?text=Vegetable+Fried+Rice
70,충무김밥,Chungmu Gimbap,Small rice-only gimbap served with marinated squid and radish kimchi.,[],밥 [Bap],1,https://via.placeholder.com/512?text=Chungmu+Gimbap
71,치즈김밥,Cheese Gimbap,Gimbap with cheddar or cream cheese added to the filling.,[],밥 [Bap],0,https://via.placeholder.com/512?text=Cheese+Gimbap
72,콩나물국밥,Bean Sprout and Rice Soup,"Rice simmered with bean sprouts in broth, seasoned with salted shrimp.",[],밥 [Bap],1,https://via.placeholder.com/512?text=Bean+Sprout+and+Rice+Soup
73,콩나물밥,Bean Sprout Rice,Rice cooked with bean sprouts and served with soy sauce.,[],밥 [Bap],0,https://via.placeholder.com/512?text=Bean+Sprout+Rice
74,한우국밥,Korean Beef and Rice Soup,Rice added to thick soup made from sautéed Korean beef with radish and bean sprouts.,[],밥 [Bap],1,https://via.placeholder.com/512?text=Korean+Beef+and+Rice+Soup
75,헛제삿밥,Bibimbap with Soy Sauce,Rice mixed with namul and jeon prepared for ancestral rites.,[],밥 [Bap],0,https://via.placeholder.com/512?text=Bibimbap+with+Soy+Sauce
76,황태구이덮밥,Grilled Dried Pollack with Rice,Rice mixed with dried pollack flakes and aster leaf salad.,[],밥 [Bap],1,https://via.placeholder.com/512?text=Grilled+Dried+Pollack+with+Rice
77,회덮밥,Raw Fish Bibimbap,"Rice topped with sliced raw fish and vegetables, served with chogochujang.",[],밥 [Bap],1,https://via.placeholder.com/512?text=Raw+Fish+Bibimbap
78,게살죽,Crab Porridge,Porridge made by boiling rice with crab meat and broth.,[],죽 [Juk],0,https://via.placeholder.com/512?text=Crab+Porridge
79,녹두죽,Mung Bean Porridge,Porridge made by simmering rice in mung bean liquid until thick.,[],죽 [Juk],0,https://via.placeholder.com/512?text=Mung+Bean+Porridge
80,누룽지죽,Scorched Rice Porridge,Porridge made by boiling crushed scorched rice in plenty of water.,[],죽 [Juk],0,https://via.placeholder.com/512?text=Scorched+Rice+Porridge
81,단팥죽,Sweet Red Bean Porridge,"This dish is made by boiling rice in strained red bean liquid until soft, then adding mashed red beans and sugar. Served with small glutinous rice balls.",[],죽 [Juk],0,https://via.placeholder.com/512?text=Sweet+Red+Bean+Porridge
82,바지락죽,Clam Porridge,"Baby clams pan-fried in sesame oil, cooked with presoaked rice and water.",[],죽 [Juk],0,https://via.placeholder.com/512?text=Clam+Porridge
83,백합죽,Hard Clam Porridge,Porridge made with ocean quahog and soaked short-grain rice.,[],죽 [Juk],0,https://via.placeholder.com/512?text=Hard+Clam+Porridge
84,버섯옥수수죽,Mushroom and Corn Porridge,Glutinous rice porridge with ground corn and chopped mushroom.,[],죽 [Juk],0,https://via.placeholder.com/512?text=Mushroom+and+Corn+Porridge
85,버섯죽,Mushroom Porridge,Porridge made by boiling rice with chopped shiitake mushrooms.,[],죽 [Juk],0,https://via.placeholder.com/512?text=Mushroom+Porridge
86,보말죽,Top Shell Rice Porridge,"Rice simmered with top shells sautéed in sesame oil, sometimes with intestines added.",[],죽 [Juk],0,https://via.placeholder.com/512?text=Top+Shell+Rice+Porridge
87,삼계죽,Ginseng and Chicken Porridge,"Glutinous rice cooked in chicken broth with chicken, dates, ginseng, sesame powder, and seaweed.",[],죽 [Juk],0,https://via.placeholder.com/512?text=Ginseng+and+Chicken+Porridge
88,소고기미역죽,Beef and Brown Seaweed Rice Porridge,"Water-soaked rice sautéed, then simmered with seaweed and beef.",[],죽 [Juk],0,https://via.placeholder.com/512?text=Beef+and+Brown+Seaweed+Rice+Porridge
89,소고기버섯죽,Beef and Mushroom Porridge,Chopped beef and mushroom simmered with rice and broth.,[],죽 [Juk],0,https://via.placeholder.com/512?text=Beef+and+Mushroom+Porridge
90,어죽,Fish Porridge,"Boiled freshwater fish strained and boiled with rice, red chili powder, gochujang, and noodles or dough pieces.",[],죽 [Juk],3,https://via.placeholder.com/512?text=Fish+Porridge
91,잣죽,Pine Nut Porridge,Rice and pine nuts puréed and simmered into a velvety porridge.,[],죽 [Juk],0,https://via.placeholder.com/512?text=Pine+Nut+Porridge
92,전복내장죽,Abalone Intestine Porridge,Rice pan-fried with abalone intestines and simmered.,[],죽 [Juk],0,https://via.placeholder.com/512?text=Abalone+Intestine+Porridge
93,전복죽,Abalone Porridge,Rice simmered with minced abalone until thick.,[],죽 [Juk],0,https://via.placeholder.com/512?text=Abalone+Porridge
94,참치죽,Tuna Porridge,"Rice simmered with onion, carrot, squash, and tuna.",[],죽 [Juk],0,https://via.placeholder.com/512?text=Tuna+Porridge
95,채소죽,Vegetable Porridge,"Rice boiled with radish, carrot, spinach, water parsley, mallow, or optional ingredients.",[],죽 [Juk],0,https://via.placeholder.com/512?text=Vegetable+Porridge
96,팥죽,Red Bean Porridge,"Rice simmered in red bean broth, often served with rice balls.",[],죽 [Juk],0,https://via.placeholder.com/512?text=Red+Bean+Porridge
97,해물죽,Seafood Porridge,"Rice simmered with mussels, clams, octopus, oysters, and chopped vegetables.",[],죽 [Juk],0,https://via.placeholder.com/512?text=Seafood+Porridge
98,호박죽,Pumpkin Porridge,Mashed pumpkin simmered with sweet rice flour or rice balls.,[],죽 [Juk],0,https://via.placeholder.com/512?text=Pumpkin+Porridge
99,흑임자죽,Black Sesame Porridge,Ground black sesame seeds and rice simmered to a velvety texture.,[],죽 [Juk],0,https://via.placeholder.com/512?text=Black+Sesame+Porridge
100,감자수제비,Hand-pulled Potato Dough Soup,"Dough made from grated potato, starch, and flour, torn into pieces and cooked in anchovy broth.",[],면 [Myeon],0,https://via.placeholder.com/512?text=Hand-pulled+Potato+Dough+Soup
101,감자옹심이,Potato Ball Soup,Grated potatoes formed into balls and cooked in anchovy broth with squash and onion.,[],면 [Myeon],0,https://via.placeholder.com/512?text=Potato+Ball+Soup
102,검정콩국수,Noodles in Cold Black Soybean Soup,Cold noodles served in puréed black bean soup.,[],면 [Myeon],0,https://via.placeholder.com/512?text=Noodles+in+Cold+Black+Soybean+Soup
103,고기국수,Pork Noodles,"Noodles in rich pork bone broth, Jeju specialty.",[],면 [Myeon],0,https://via.placeholder.com/512?text=Pork+Noodles
104,골뱅이소면,Spicy Sea Snail Salad with Noodles,"Sea snails and vegetables mixed with sweet-and-sour gochujang sauce, served with noodles.",[],면 [Myeon],3,https://via.placeholder.com/512?text=Spicy+Sea+Snail+Salad+with+Noodles
105,곰국시,Beef Noodles,Noodles served in thick beef broth made from simmered brisket and bones.,[],면 [Myeon],0,https://via.placeholder.com/512?text=Beef+Noodles
106,김치말이국수,Kimchi Noodles,Cold noodles served in dongchimi or kimchi broth with beef or chicken.,[],면 [Myeon],1,https://via.placeholder.com/512?text=Kimchi+Noodles
107,냉메밀국수,Cold Buckwheat Noodles,Buckwheat noodles in cold chicken or beef-based broth.,[],면 [Myeon],0,https://via.placeholder.com/512?text=Cold+Buckwheat+Noodles
108,느른국,Buckwheat Noodle Soup,Knife-cut buckwheat noodles cooked in broth seasoned with doenjang.,[],면 [Myeon],0,https://via.placeholder.com/512?text=Buckwheat+Noodle+Soup
109,닭칼국수,Noodle Soup with Chicken,Knife-cut noodles in chicken broth with seasoned chicken topping.,[],면 [Myeon],0,https://via.placeholder.com/512?text=Noodle+Soup+with+Chicken
110,동치미물냉면,Cold Buckwheat Noodles with Radish Water Kimchi,Buckwheat noodles in cold radish water kimchi and meat stock.,[],면 [Myeon],0,https://via.placeholder.com/512?text=Cold+Buckwheat+Noodles+with+Radish+Water+Kimchi
111,들깨수제비,Hand-pulled Dough in Perilla Seed Soup,Hand-torn dough boiled in broth with perilla seed paste.,[],면 [Myeon],0,https://via.placeholder.com/512?text=Hand-pulled+Dough+in+Perilla+Seed+Soup
112,들깨칼국수,Noodle Soup with Perilla Seeds,Knife-cut noodles in broth with perilla seed paste.,[],면 [Myeon],0,https://via.placeholder.com/512?text=Noodle+Soup+with+Perilla+Seeds
113,떡국,Sliced Rice Cake Soup,"Rice cake slices cooked in broth, traditional Lunar New Year dish.",[],면 [Myeon],0,https://via.placeholder.com/512?text=Sliced+Rice+Cake+Soup
114,막국수,Buckwheat Noodles,Buckwheat noodles served in kimchi broth.,[],면 [Myeon],1,https://via.placeholder.com/512?text=Buckwheat+Noodles
115,매생이굴칼국수,Noodle Soup with Seaweed Fulvescens and Oyster,Knife-cut noodles cooked with oyster and seaweed fulvescens.,[],면 [Myeon],0,https://via.placeholder.com/512?text=Noodle+Soup+with+Seaweed+Fulvescens+and+Oyster
116,매생이떡국,Seaweed Fulvescens Rice Cake Soup,Rice cake slices and seaweed fulvescens boiled in broth.,[],면 [Myeon],0,https://via.placeholder.com/512?text=Seaweed+Fulvescens+Rice+Cake+Soup
117,물냉면,Cold Buckwheat Noodles,Chilled buckwheat noodles served in dongchimi and beef broth.,[],면 [Myeon],0,https://via.placeholder.com/512?text=Cold+Buckwheat+Noodles
118,밀면,Wheat Noodles,"Flour-and-starch noodles in broth garnished with cucumber, egg, and pork.",[],면 [Myeon],0,https://via.placeholder.com/512?text=Wheat+Noodles
119,바지락칼국수,Noodle Soup with Clams,Knife-cut noodles in a clear broth made with littleneck clams.,[],면 [Myeon],0,https://via.placeholder.com/512?text=Noodle+Soup+with+Clams
120,버섯칼국수,Mushroom Noodle Soup,"Knife-cut noodles in broth with assorted mushrooms such as shiitake, enoki, and oyster mushrooms. Can be served spicy.",[],면 [Myeon],1,https://via.placeholder.com/512?text=Mushroom+Noodle+Soup
121,비빔국수,Spicy Noodles,Chilled noodles topped with vegetables and mixed with vinegar-based gochujang.,[],면 [Myeon],2,https://via.placeholder.com/512?text=Spicy+Noodles
122,비빔냉면,Spicy Buckwheat Noodles,Cold buckwheat noodles with spicy gochujang sauce and beef or skate toppings.,[],면 [Myeon],3,https://via.placeholder.com/512?text=Spicy+Buckwheat+Noodles
123,수제비,Hand-pulled Dough Soup,Flour dough pieces hand-torn into boiling anchovy broth.,[],면 [Myeon],0,https://via.placeholder.com/512?text=Hand-pulled+Dough+Soup
124,안동국시,Andong Noodle,Flour noodles mixed with bean powder served in clear broth.,[],면 [Myeon],0,https://via.placeholder.com/512?text=Andong+Noodle
125,어탕국수,Noodle in Fish Stew,Noodles in spicy fish stew made by grinding freshwater fish.,[],면 [Myeon],3,https://via.placeholder.com/512?text=Noodle+in+Fish+Stew
126,얼큰수제비,Spicy Hand-pulled Dough Soup,Hand-torn dough in spicy gochujang broth.,[],면 [Myeon],3,https://via.placeholder.com/512?text=Spicy+Hand-pulled+Dough+Soup
127,얼큰칼국수,Spicy Noodle Soup,Knife-cut noodles boiled in spicy broth seasoned with gochujang.,[],면 [Myeon],3,https://via.placeholder.com/512?text=Spicy+Noodle+Soup
128,열무국수,Young Summer Radish Kimchi Noodles,Boiled noodles served with yeolmu kimchi mixed with beef stock.,[],면 [Myeon],1,https://via.placeholder.com/512?text=Young+Radish+Kimchi+Noodles
129,열무냉면,Buckwheat Noodles with Young Radish Kimchi,Cold noodles in young radish kimchi broth.,[],면 [Myeon],1,https://via.placeholder.com/512?text=Young+Radish+Cold+Noodles
130,열무비빔국수,Spicy Noodles with Young Radish Kimchi,Noodles mixed with yeolmu kimchi and gochujang sauce.,[],면 [Myeon],2,https://via.placeholder.com/512?text=Spicy+Young+Radish+Noodles
131,온면,Warm Noodles,Hot noodles in beef-based broth.,[],면 [Myeon],0,https://via.placeholder.com/512?text=Warm+Noodles
132,올챙이국수,Tadpole Noodles,Short jelly-like noodles served in soybean soup.,[],면 [Myeon],0,https://via.placeholder.com/512?text=Tadpole+Noodles
133,잔치국수,Banquet Noodles,Noodles in hot anchovy broth with egg garnish.,[],면 [Myeon],0,https://via.placeholder.com/512?text=Banquet+Noodles
134,장칼국수,Gochujang and Doenjang Noodle Soup,Spicy noodle soup with gochujang and soybean paste.,[],면 [Myeon],3,https://via.placeholder.com/512?text=Gochujang+Doenjang+Noodles
135,쟁반국수,Jumbo-sized Buckwheat Noodles,Large cold platter of buckwheat noodles and vegetables.,[],면 [Myeon],2,https://via.placeholder.com/512?text=Platter+Buckwheat+Noodles
136,쟁반막국수,Jumbo-sized Buckwheat Noodles,Cold buckwheat noodles with vegetables and soy or gochujang sauce.,[],면 [Myeon],1,https://via.placeholder.com/512?text=Platter+Makguksu
137,진주냉면,Jinju Cold Buckwheat Noodles,Cold noodles in dried seafood broth with assorted garnishes.,[],면 [Myeon],0,https://via.placeholder.com/512?text=Jinju+Cold+Noodles
138,쫄면,Spicy Chewy Noodles,Thick chewy noodles with vegetables and gochujang sauce.,[],면 [Myeon],3,https://via.placeholder.com/512?text=Jjolmyeon
139,초계국수,Cold Chicken Noodles,Cold chicken broth with vinegar and mustard served with shredded chicken.,[],면 [Myeon],0,https://via.placeholder.com/512?text=Cold+Chicken+Noodles
140,칡냉면,Cold Arrow Root Noodles,Cold noodles made from arrowroot starch with spicy sauce and broth.,[],면 [Myeon],2,https://via.placeholder.com/512?text=Arrowroot+Cold+Noodles
141,칼국수,Noodle Soup,Knife-cut noodles in anchovy broth with vegetables.,[],면 [Myeon],0,https://via.placeholder.com/512?text=Noodle+Soup
142,코다리냉면,Cold Buckwheat Noodles with Pollack,Cold noodles topped with seasoned shredded half-dried pollack.,[],면 [Myeon],2,https://via.placeholder.com/512?text=Pollack+Cold+Noodles
143,콧등치기국수,Buckwheat Noodles with Potato Balls,Buckwheat noodles with potato ongsimi boiled in beef broth.,[],면 [Myeon],0,https://via.placeholder.com/512?text=Potato+Ball+Noodles
144,콩국수,Noodles in Cold Soybean Soup,"Cold soybean soup noodles, summer staple.",[],면 [Myeon],0,https://via.placeholder.com/512?text=Soybean+Noodles
145,팥칼국수,Red Bean Paste Noodle Soup,Knife-cut noodles in red bean broth.,[],면 [Myeon],0,https://via.placeholder.com/512?text=Red+Bean+Noodles
146,평양냉면,Pyeongyang Cold Buckwheat Noodles,Buckwheat noodles in mild beef-based broth.,[],면 [Myeon],0,https://via.placeholder.com/512?text=Pyeongyang+Cold+Noodles
147,함흥냉면,Hamheung Cold Buckwheat Noodles,Potato/sweet potato starch noodles with spicy sauce and raw fish.,[],면 [Myeon],3,https://via.placeholder.com/512?text=Hamheung+Cold+Noodles
148,항아리수제비,Hand-pulled Dough Soup in Pot,"Sujebi cooked with baby clams, served in earthen jar.",[],면 [Myeon],0,https://via.placeholder.com/512?text=Jar+Sujebi
149,해물수제비,Hand-pulled Dough Soup with Seafood,Sujebi cooked in seafood broth with clams and shrimp.,[],면 [Myeon],0,https://via.placeholder.com/512?text=Seafood+Sujebi
150,해물칼국수,Noodle Soup with Seafood,"Knife-cut noodles cooked with shrimp, octopus, and clams.",[],면 [Myeon],0,https://via.placeholder.com/512?text=Seafood+Kalguksu
151,황태비빔막국수,Spicy Buckwheat Noodles with Dried Pollack,Spicy noodles topped with sliced dried pollack.,[],면 [Myeon],2,https://via.placeholder.com/512?text=Pollack+Spicy+Makguksu
152,황태칼국수,Noodle Soup with Dried Pollack,Knife-cut noodles in clam broth topped with dried pollack.,[],면 [Myeon],0,https://via.placeholder.com/512?text=Pollack+Kalguksu
153,회냉면,Cold Buckwheat Noodles with Raw Fish,Cold noodles mixed with spicy sauce and topped with seasoned raw skate.,[],면 [Myeon],3,https://via.placeholder.com/512?text=Raw+Fish+Cold+Noodles
154,곰칫국,Moray Eel Soup,Clear or spicy moray eel soup with vegetables.,[],국 [Guk],1,https://via.placeholder.com/512?text=Moray+Eel+Soup
155,근댓국,Leaf Beet Soup,Leaf beet boiled with soybean paste.,[],국 [Guk],0,https://via.placeholder.com/512?text=Leaf+Beet+Soup
156,김치콩나물국,Kimchi and Bean Sprout Soup,"Anchovy broth with kimchi, bean sprouts, garlic, and chili powder.",[],국 [Guk],2,https://via.placeholder.com/512?text=Kimchi+Bean+Sprout+Soup
157,김칫국,Kimchi Soup,"Kimchi boiled with anchovy broth, tofu, bean sprouts.",[],국 [Guk],1,https://via.placeholder.com/512?text=Kimchi+Soup
158,냉이된장국,Shepherd's Purse Soybean Paste Soup,Soybean paste soup with shepherd's purse and tofu.,[],국 [Guk],0,https://via.placeholder.com/512?text=Shepherd%27s+Purse+Soup
159,달걀국,Egg Soup,Egg dropped into anchovy broth with green onion.,[],국 [Guk],0,https://via.placeholder.com/512?text=Egg+Soup
160,닭개장,Spicy Chicken Soup,Shredded chicken boiled with vegetables and chili seasoning.,[],국 [Guk],3,https://via.placeholder.com/512?text=Spicy+Chicken+Soup
161,도다리쑥국,Flounder and Mugwort Soup,Flounder boiled with mugwort in spring.,[],국 [Guk],0,https://via.placeholder.com/512?text=Flounder+Mugwort+Soup
162,도토리묵사발,Chilled Acorn Jelly Soup,Cold broth with sliced acorn jelly.,[],국 [Guk],0,https://via.placeholder.com/512?text=Acorn+Jelly+Soup
163,된장국,Soybean Paste Soup,"Doenjang soup with mushrooms, onion, clams, or fish.",[],국 [Guk],0,https://via.placeholder.com/512?text=Soybean+Paste+Soup
164,두부새우젓국,Bean Curd and Salted Shrimp Soup,Tofu soup seasoned with salted shrimp.,[],국 [Guk],0,https://via.placeholder.com/512?text=Tofu+Shrimp+Soup
165,매생이굴국,Seaweed Fulvescens and Oyster Soup,Oyster and maesaengi boiled in broth.,[],국 [Guk],0,https://via.placeholder.com/512?text=Oyster+Seaweed+Soup
166,매생잇국,Seaweed Fulvescens Soup,Seaweed fulvescens boiled with garlic and broth.,[],국 [Guk],0,https://via.placeholder.com/512?text=Maesaengi+Soup
167,무된장국,Radish Soybean Paste Soup,Doenjang soup with radish.,[],국 [Guk],0,https://via.placeholder.com/512?text=Radish+Soybean+Soup
168,미역국,Seaweed Soup,Seaweed boiled in beef or mussel broth.,[],국 [Guk],0,https://via.placeholder.com/512?text=Seaweed+Soup
169,미역냉국,Chilled Seaweed Soup,Cold seasoned broth with seaweed and cucumber.,[],국 [Guk],0,https://via.placeholder.com/512?text=Chilled+Seaweed+Soup
170,바지락술국,Baby Clam Soup,"Baby clams boiled with cabbage, zucchini, mushrooms.",[],국 [Guk],1,https://via.placeholder.com/512?text=Clam+Soup
171,바지락조갯국,Clam Soup,Soybean-based soup with baby clams and radish.,[],국 [Guk],1,https://via.placeholder.com/512?text=Clam+Soup
172,배추된장국,Cabbage Soybean Paste Soup,Soybean paste soup with tender cabbage leaves.,[],국 [Guk],0,https://via.placeholder.com/512?text=Cabbage+Soybean+Soup
173,버섯육개장,Spicy Mushroom and Beef Soup,Spicy beef soup with assorted mushrooms.,[],국 [Guk],3,https://via.placeholder.com/512?text=Spicy+Mushroom+Beef+Soup
174,복국,Puffer Soup,Clear puffer fish soup with bean sprouts and water parsley.,[],국 [Guk],1,https://via.placeholder.com/512?text=Puffer+Soup
175,북엇국,Dried Pollack Soup,Dried pollack simmered with radish and egg.,[],국 [Guk],0,https://via.placeholder.com/512?text=Dried+Pollack+Soup
176,사골우거지해장국,Korean Cabbage Hangover Soup,Spicy beef bone broth soup with dried cabbage leaves.,[],국 [Guk],2,https://via.placeholder.com/512?text=Beef+Bone+Cabbage+Soup
177,선짓국,Beef Blood Soup,"Soup made with beef blood curd, radish, and vegetables.",[],국 [Guk],2,https://via.placeholder.com/512?text=Beef+Blood+Soup
178,섭국,Mussel Soup,"Soup with mussels, chives, mushroom, and egg.",[],국 [Guk],1,https://via.placeholder.com/512?text=Mussel+Soup
179,소고기뭇국,Beef and Radish Soup,Clear beef soup with radish.,[],국 [Guk],0,https://via.placeholder.com/512?text=Beef+Radish+Soup
180,소고기미역국,Beef and Seaweed Soup,Seaweed boiled in beef broth.,[],국 [Guk],0,https://via.placeholder.com/512?text=Beef+Seaweed+Soup
181,소고기육개장,Spicy Beef Soup,Spicy beef soup with vegetables.,[],국 [Guk],3,https://via.placeholder.com/512?text=Spicy+Beef+Soup
182,순댓국,Blood Sausage Soup,Pork broth with sundae and pork organs.,[],국 [Guk],1,https://via.placeholder.com/512?text=Blood+Sausage+Soup
183,시금치된장국,Spinach Soybean Paste Soup,Spinach and tofu boiled in doenjang broth.,[],국 [Guk],0,https://via.placeholder.com/512?text=Spinach+Soybean+Soup
184,시래기된장국,Dried Radish Leaf Soybean Paste Soup,Doenjang soup with dried radish leaves.,[],국 [Guk],0,https://via.placeholder.com/512?text=Dried+Radish+Leaf+Soup
185,쑥된장국,Mugwort Soybean Paste Soup,Doenjang soup with mugwort.,[],국 [Guk],0,https://via.placeholder.com/512?text=Mugwort+Soybean+Soup
186,아욱국,Curled Mallow Soup,Soup with curled mallow and dried shrimp.,[],국 [Guk],1,https://via.placeholder.com/512?text=Curled+Mallow+Soup
187,어묵국,Fishcake Soup,Fishcake and radish boiled in broth.,[],국 [Guk],0,https://via.placeholder.com/512?text=Fishcake+Soup
188,오이냉국,Chilled Cucumber Soup,Cold cucumber broth with vinegar.,[],국 [Guk],0,https://via.placeholder.com/512?text=Chilled+Cucumber+Soup
189,오징엇국,Squid Soup,Spicy squid soup with radish and chives.,[],국 [Guk],2,https://via.placeholder.com/512?text=Squid+Soup
190,올갱잇국,Melanian Snail Soup,Soybean paste soup with river snails.,[],국 [Guk],2,https://via.placeholder.com/512?text=Snail+Soup
191,우거지된장국,Korean Cabbage Soybean Paste Soup,Doenjang soup with dried cabbage leaves.,[],국 [Guk],0,https://via.placeholder.com/512?text=Cabbage+Doenjang+Soup
192,우거지해장국,Korean Cabbage Hangover Soup,Spicy beef broth with dried cabbage leaves.,[],국 [Guk],2,https://via.placeholder.com/512?text=Cabbage+Hangover+Soup
193,우렁된장국,Freshwater Snail Soybean Paste Soup,Doenjang soup with freshwater snails.,[],국 [Guk],0,https://via.placeholder.com/512?text=Snail+Soybean+Soup
194,육개장,Spicy Beef Soup,Beef soup seasoned with red pepper powder and vegetables.,[],국 [Guk],3,https://via.placeholder.com/512?text=Yukgaejang
195,재첩국,Freshwater Marsh Clam Soup,Clear soup with jaecheop clams.,[],국 [Guk],0,https://via.placeholder.com/512?text=Marsh+Clam+Soup
196,초당순두부,Chodang Soft Bean Curd,Fresh soft bean curd in light broth.,[],국 [Guk],0,https://via.placeholder.com/512?text=Soft+Tofu+Soup
197,콩나물국,Bean Sprout Soup,Simple clear soup with bean sprouts.,[],국 [Guk],0,https://via.placeholder.com/512?text=Bean+Sprout+Soup
198,콩나물해장국,Bean Sprout Hangover Soup,Spicy bean sprout soup seasoned with salted shrimp.,[],국 [Guk],2,https://via.placeholder.com/512?text=Bean+Sprout+Hangover+Soup
199,토란국,Taro Soup,"Clear soup with taro, beef, and radish.",[],국 [Guk],0,https://via.placeholder.com/512?text=Taro+Soup
200,해장국,Hangover Soup,"A variety of ingredients such as bean sprouts, pork bones, and dried pollack.",[],국 [Guk],2,https://via.placeholder.com/512?text=Hangover+Soup
201,홍합미역국,Mussel and Seaweed Soup,Seaweed boiled with mussels.,[],국 [Guk],0,https://via.placeholder.com/512?text=Mussel+Seaweed+Soup
202,황태해장국,Dried Pollack Hangover Soup,"Soup with dried pollack, clams, and vegetables.",[],국 [Guk],1,https://via.placeholder.com/512?text=Pollack+Hangover+Soup
203,갈낙탕,Short Rib and Octopus Soup,Soup with short ribs and octopus.,[],탕 [Tang],1,https://via.placeholder.com/512?text=Short+Rib+Octopus+Soup
204,갈비탕,Short Rib Soup,Beef short rib soup with radish.,[],탕 [Tang],0,https://via.placeholder.com/512?text=Short+Rib+Soup
205,감자탕,Pork Back-bone Stew,Spicy pork backbone stew with potatoes and perilla seeds.,[],탕 [Tang],3,https://via.placeholder.com/512?text=Gamjatang
206,곰탕,Beef Bone Soup,Beef shank and bone soup simmered for hours.,[],탕 [Tang],0,https://via.placeholder.com/512?text=Gomtang
207,광어매운탕,Spicy Flatfish Stew,Spicy flatfish stew with tofu and vegetables.,[],탕 [Tang],3,https://via.placeholder.com/512?text=Flatfish+Stew
208,굴탕,Oyster Soup,Oyster soup with radish and mushrooms.,[],탕 [Tang],1,https://via.placeholder.com/512?text=Oyster+Soup
209,꼬리곰탕,Oxtail Soup,Oxtail simmered until tender.,[],탕 [Tang],0,https://via.placeholder.com/512?text=Oxtail+Soup
210,꽃게탕,Spicy Blue Crab Stew,Blue crab boiled with vegetables in spicy broth.,[],탕 [Tang],3,https://via.placeholder.com/512?text=Blue+Crab+Stew
211,내장탕,Offal Soup,Beef or pork offal boiled in broth.,[],탕 [Tang],1,https://via.placeholder.com/512?text=Offal+Soup
212,닭곰탕,Chicken Soup,Boiled chicken meat simmered in broth.,[],탕 [Tang],0,https://via.placeholder.com/512?text=Chicken+Soup
213,대구맑은탕,Codfish Soup,Codfish with tofu and mushrooms in clear broth.,[],탕 [Tang],0,https://via.placeholder.com/512?text=Codfish+Soup
214,대구매운탕,Spicy Codfish Stew,Spicy codfish stew with vegetables.,[],탕 [Tang],3,https://via.placeholder.com/512?text=Spicy+Codfish+Stew
215,대합탕,Hard Clam Soup,Clear soup with hard clams.,[],탕 [Tang],0,https://via.placeholder.com/512?text=Hard+Clam+Soup
216,도가니탕,Ox Knee Soup,Ox knee cartilage simmered until tender.,[],탕 [Tang],0,https://via.placeholder.com/512?text=Ox+Knee+Soup
217,도미맑은탕,Sea Bream Soup,Clear soup with sea bream and vegetables.,[],탕 [Tang],1,https://via.placeholder.com/512?text=Sea+Bream+Soup
218,도미매운탕,Spicy Sea Bream Stew,Spicy sea bream stew with vegetables.,[],탕 [Tang],3,https://via.placeholder.com/512?text=Spicy+Sea+Bream+Stew
219,동태탕,Pollack Soup,Spicy pollack stew with tofu and vegetables.,[],탕 [Tang],3,https://via.placeholder.com/512?text=Pollack+Stew
220,뚜거리탕,Spicy Floating Goby Stew,Spicy floating goby stew with pepper and gochujang.,[],탕 [Tang],3,https://via.placeholder.com/512?text=Floating+Goby+Stew
221,뚝배기불고기,Hot Pot Bulgogi,Soy-marinated bulgogi cooked in broth with vegetables.,[],탕 [Tang],1,https://via.placeholder.com/512?text=Hot+Pot+Bulgogi
222,롤삼계탕,Rolled Ginseng Chicken Soup,"Deboned chicken rolled with rice, jujubes, chestnuts, gingko, and ginseng.",[],탕 [Tang],0,https://via.placeholder.com/512?text=Rolled+Samgyetang
223,매운탕,Spicy Fish Stew,"Spicy soup made with haddock, rock cod, or pollack.",[],탕 [Tang],4,https://via.placeholder.com/512?text=Maeuntang
224,메기매운탕,Spicy Catfish Stew,"Catfish boiled with vegetables, seasoned with gochujang.",[],탕 [Tang],4,https://via.placeholder.com/512?text=Catfish+Stew
225,민어탕,Croaker Stew,Croaker cooked with vegetables.,[],탕 [Tang],1,https://via.placeholder.com/512?text=Croaker+Stew
226,버섯들깨탕,Mushroom and Perilla Seed Stew,Thick stew with mushrooms and perilla seeds.,[],탕 [Tang],1,https://via.placeholder.com/512?text=Mushroom+Perilla+Stew
227,복맑은탕,Puffer Fish Soup,"Clear soup with puffer fish, sprouts, and herbs.",[],탕 [Tang],1,https://via.placeholder.com/512?text=Puffer+Clear+Soup
228,복매운탕,Spicy Puffer Fish Stew,"Spicy stew with puffer fish, cabbage, radish, and tofu.",[],탕 [Tang],4,https://via.placeholder.com/512?text=Spicy+Puffer+Stew
229,사골우거지갈비탕,Korean Cabbage and Short Rib Soup,Short rib soup with beef bone broth and ugeoji.,[],탕 [Tang],1,https://via.placeholder.com/512?text=Ugeoji+Galbitang
230,삼계탕,Ginseng Chicken Soup,"Whole chicken stuffed with ginseng, jujube, glutinous rice.",[],탕 [Tang],0,https://via.placeholder.com/512?text=Samgyetang
231,생태탕,Pollack Soup,Spicy soup with fresh pollack and vegetables.,[],탕 [Tang],3,https://via.placeholder.com/512?text=Saengtae+Tang
232,설렁탕,Ox Bone Soup,Milky broth made from ox bones simmered for hours.,[],탕 [Tang],0,https://via.placeholder.com/512?text=Seolleongtang
233,쏘가리매운탕,Spicy Mandarin Fish Stew,Spicy stew made with mandarin fish.,[],탕 [Tang],4,https://via.placeholder.com/512?text=Spicy+Mandarin+Fish
234,아귀탕,Monkfish Soup,Monkfish boiled with bean sprouts and parsley.,[],탕 [Tang],2,https://via.placeholder.com/512?text=Monkfish+Soup
235,알탕,Spicy Fish Roe Soup,"Soup with fish roe, vegetables, and seasonings.",[],탕 [Tang],4,https://via.placeholder.com/512?text=Fish+Roe+Soup
236,양곰탕,Beef Tripe Soup,Cloudy soup made with beef tripe and radish.,[],탕 [Tang],0,https://via.placeholder.com/512?text=Beef+Tripe+Soup
237,어묵꼬치,Skewered Fishcake Soup,Fishcake skewers in anchovy broth.,[],탕 [Tang],0,https://via.placeholder.com/512?text=Odeng
238,연포탕,Bean Curd Soup,"Soup with bean curd, chicken, mushrooms, kelp.",[],탕 [Tang],0,https://via.placeholder.com/512?text=Yeonpotang
239,영양한우갈비탕,Nutritious Beef Rib Soup,Rib meat wrapped with burdock root in rich broth.,[],탕 [Tang],1,https://via.placeholder.com/512?text=Nutritious+Galbitang
240,왕갈비탕,Beef Rib Soup,Large beef ribs simmered until tender.,[],탕 [Tang],0,https://via.placeholder.com/512?text=Wang+Galbitang
241,용봉탕,Carp Softshell Turtle Chicken Soup,Energy-boosting soup with carp or turtle and chicken.,[],탕 [Tang],1,https://via.placeholder.com/512?text=Yongbongtang
242,우거지갈비탕,Cabbage and Short Rib Soup,Short ribs simmered with ugeoji.,[],탕 [Tang],1,https://via.placeholder.com/512?text=Ugeoji+Galbitang
243,우럭매운탕,Spicy Rockfish Stew,Rockfish boiled with vegetables in spicy broth.,[],탕 [Tang],4,https://via.placeholder.com/512?text=Rockfish+Stew
244,우족탕,Ox Feet Soup,Ox feet simmered for a long time.,[],탕 [Tang],0,https://via.placeholder.com/512?text=Ox+Feet+Soup
245,장어탕,Eel Soup,Eel simmered with doenjang and chili powder.,[],탕 [Tang],2,https://via.placeholder.com/512?text=Eel+Soup
246,전복삼계탕,Abalone and Ginseng Chicken Soup,Chicken stuffed with abalone and medicinal ingredients.,[],탕 [Tang],0,https://via.placeholder.com/512?text=Abalone+Samgyetang
247,조개탕,Clam Soup,Clear clam soup with scallions.,[],탕 [Tang],0,https://via.placeholder.com/512?text=Clam+Soup
248,조기매운탕,Spicy Yellow Croaker Stew,Croaker boiled with radish and spicy sauce.,[],탕 [Tang],3,https://via.placeholder.com/512?text=Croaker+Stew
249,참게매운탕,Spicy Hairy Crab Stew,Hairy crab stew with vegetables.,[],탕 [Tang],4,https://via.placeholder.com/512?text=Hairy+Crab+Stew
250,초계탕,Cold Chicken Soup,Cold chicken broth with vinegar and mustard.,[],탕 [Tang],1,https://via.placeholder.com/512?text=Chogyetang
251,추어탕,Loach Soup,Ground loach boiled with vegetables.,[],탕 [Tang],3,https://via.placeholder.com/512?text=Chueotang
252,콩비지탕,Pureed Soybean Soup,Soybean puree boiled with cabbage leaves.,[],탕 [Tang],1,https://via.placeholder.com/512?text=Kongbiji
253,콩탕,Soybean Soup,Soybean paste curdled with ground bean powder.,[],탕 [Tang],0,https://via.placeholder.com/512?text=Soybean+Soup
254,통추어탕,Whole Loach Soup,Whole loach boiled with vegetables.,[],탕 [Tang],2,https://via.placeholder.com/512?text=Whole+Chueotang
255,해물탕,Spicy Seafood Stew,"Spicy stew with crab, octopus, shrimp, and fish.",[],탕 [Tang],4,https://via.placeholder.com/512?text=Haemultang
256,홍어탕,Skate Soup,Skate boiled with radish and spicy seasoning.,[],탕 [Tang],3,https://via.placeholder.com/512?text=Skate+Soup
257,홍합탕,Mussel Soup,Mussels boiled with radish and peppers.,[],탕 [Tang],1,https://via.placeholder.com/512?text=Mussel+Soup
258,갈치찌개,Cutlassfish Stew,Spicy cutlassfish stew with vegetables.,[],찌개 [Jjigae],3,https://via.placeholder.com/512?text=Cutlassfish+Stew
259,강된장,Seasoned Soybean Paste,"Thick soybean paste cooked with meat, anchovy, and garlic.",[],찌개 [Jjigae],1,https://via.placeholder.com/512?text=Gang+Doenjang
260,고추장찌개,Red Chili Paste Stew,Stew seasoned with gochujang.,[],찌개 [Jjigae],3,https://via.placeholder.com/512?text=Gochujang+Jjigae
261,김치찌개,Kimchi Stew,Stew with aged kimchi and pork.,[],찌개 [Jjigae],3,https://via.placeholder.com/512?text=Kimchi+Jjigae
262,꽁치김치찌개,Saury Kimchi Stew,Kimchi fried then boiled with canned saury.,[],찌개 [Jjigae],3,https://via.placeholder.com/512?text=Saury+Kimchi+Stew
263,도루묵찌개,Sailfin Sandfish Stew,"Stew with sandfish, vegetables, and spices.",[],찌개 [Jjigae],3,https://via.placeholder.com/512?text=Sandfish+Stew
264,동태찌개,Pollack Stew,Pollack stew with tofu and radish.,[],찌개 [Jjigae],3,https://via.placeholder.com/512?text=Pollack+Stew
265,돼지갈비찌개,Pork Short Rib Stew,Pork ribs simmered in spicy broth.,[],찌개 [Jjigae],3,https://via.placeholder.com/512?text=Pork+Rib+Stew
266,돼지고기김치찌개,Pork and Kimchi Stew,Kimchi boiled with pork.,[],찌개 [Jjigae],3,https://via.placeholder.com/512?text=Pork+Kimchi+Stew
267,된장찌개,Soybean Paste Stew,Doenjang stew with vegetables.,[],찌개 [Jjigae],1,https://via.placeholder.com/512?text=Doenjang+Jjigae
268,부대찌개,Sausage Stew,"Ham, sausage, kimchi, pork boiled in spicy broth.",[],찌개 [Jjigae],4,https://via.placeholder.com/512?text=Budae+Jjigae
269,생태찌개,Fresh Pollack Stew,Spicy stew with fresh pollack.,[],찌개 [Jjigae],3,https://via.placeholder.com/512?text=Fresh+Pollack+Stew
270,순두부찌개,Soft Tofu Stew,"Soft tofu stew with beef, clams, or seafood.",[],찌개 [Jjigae],3,https://via.placeholder.com/512?text=Soft+Tofu+Stew
271,시래기된장지짐,Braised Dried Radish Leaf Soybean Paste,Siraegi braised with doenjang.,[],찌개 [Jjigae],1,https://via.placeholder.com/512?text=Siraegi+Doenjang
272,애호박찌개,Zucchini Stew,"Beef, zucchini, peppers simmered with salted shrimp.",[],찌개 [Jjigae],1,https://via.placeholder.com/512?text=Zucchini+Stew
273,양푼김치찌개,Kimchi Stew in Brass Bowl,Kimchi stew with pork served in brass pot.,[],찌개 [Jjigae],3,https://via.placeholder.com/512?text=Kimchi+Stew
274,오분자기뚝배기,Sea Snail Hot Pot,Sea snails boiled with other seafood.,[],찌개 [Jjigae],3,https://via.placeholder.com/512?text=Sea+Snail+Hotpot
275,전복뚝배기,Abalone Hot Pot,Abalone and seafood boiled in earthen pot.,[],찌개 [Jjigae],2,https://via.placeholder.com/512?text=Abalone+Hotpot
276,차돌된장찌개,Beef Brisket Soybean Paste Stew,Doenjang stew with beef brisket.,[],찌개 [Jjigae],1,https://via.placeholder.com/512?text=Brisket+Doenjang
277,참치김치찌개,Tuna Kimchi Stew,Kimchi stew with canned tuna.,[],찌개 [Jjigae],3,https://via.placeholder.com/512?text=Tuna+Kimchi
278,청국장찌개,Rich Soybean Paste Stew,Thick stew with cheonggukjang.,[],찌개 [Jjigae],2,https://via.placeholder.com/512?text=Cheonggukjang
279,콩비지찌개,Pureed Soybean Stew,Ground soybeans boiled with pork and kimchi.,[],찌개 [Jjigae],2,https://via.placeholder.com/512?text=Kongbiji+Jjigae
280,해물된장찌개,Seafood Soybean Paste Stew,"Doenjang stew with squid, clams, shrimp.",[],찌개 [Jjigae],2,https://via.placeholder.com/512?text=Seafood+Doenjang
281,해물뚝배기,Seafood Hot Pot,Seafood simmered with crown daisy and vegetables.,[],찌개 [Jjigae],2,https://via.placeholder.com/512?text=Seafood+Hotpot
282,해물순두부찌개,Seafood Soft Tofu Stew,Soft tofu stew with mixed seafood.,[],찌개 [Jjigae],3,https://via.placeholder.com/512?text=Seafood+SoftTofu
283,갈비찜,Braised Short Ribs,Short ribs braised with vegetables.,[],찜 [Jjim],1,https://via.placeholder.com/512?text=Galbijjim
284,계란찜,Steamed Eggs,Soft steamed eggs with vegetables.,[],찜 [Jjim],0,https://via.placeholder.com/512?text=Gyeranjjim
285,굴보쌈,Oyster Pork Wrap,Boiled pork with oysters wrapped in cabbage.,[],찜 [Jjim],0,https://via.placeholder.com/512?text=Oyster+Bossam
286,꼬리찜,Braised Oxtail,Oxtail braised with radish and vegetables.,[],찜 [Jjim],1,https://via.placeholder.com/512?text=Oxtail+Jjim
287,꽃게찜,Steamed Blue Crab,Steamed blue crab with vegetables.,[],찜 [Jjim],1,https://via.placeholder.com/512?text=Steamed+Blue+Crab
288,낙지찜,Braised Octopus,Octopus braised in spicy sauce.,[],찜 [Jjim],4,https://via.placeholder.com/512?text=Octopus+Jjim
289,누룽지닭백숙,Chicken Soup with Scorched Rice,Whole chicken boiled with scorched rice.,[],찜 [Jjim],0,https://via.placeholder.com/512?text=Nurungji+Chicken
290,닭백숙,Whole Chicken Soup,Whole boiled chicken served with rice porridge.,[],찜 [Jjim],0,https://via.placeholder.com/512?text=Chicken+Baeksuk
291,대게찜,Steamed Snow Crab,Steamed snow crab served with sauce.,[],찜 [Jjim],0,https://via.placeholder.com/512?text=Snow+Crab
292,대구뽈찜,Braised Codfish Head,Codfish head braised with vegetables.,[],찜 [Jjim],3,https://via.placeholder.com/512?text=Codfish+Head
293,대하찜,Steamed Prawn,Prawns stuffed with vegetables.,[],찜 [Jjim],1,https://via.placeholder.com/512?text=Prawn+Jjim
294,더덕보쌈,Pork with Deodeok Wrap,Pork wrapped with deodeok roots.,[],찜 [Jjim],0,https://via.placeholder.com/512?text=Deodeok+Bossam
295,도가니수육,Boiled Ox Knee,Boiled ox-knee meat served with sauce.,[],찜 [Jjim],0,https://via.placeholder.com/512?text=Ox+Knee
296,도미찜,Steamed Sea Bream,Sea bream steamed with garnish.,[],찜 [Jjim],0,https://via.placeholder.com/512?text=Sea+Bream
297,동태찜,Braised Pollack,Pollack braised with vegetables.,[],찜 [Jjim],3,https://via.placeholder.com/512?text=Pollack+Jjim
298,돼지등뼈찜,Braised Pork Backbone,Pork backbone braised with seasoning.,[],찜 [Jjim],1,https://via.placeholder.com/512?text=Pork+Backbone
299,등갈비묵은지찜,Pork Rib with Aged Kimchi,Short ribs braised with aged kimchi.,[],찜 [Jjim],2,https://via.placeholder.com/512?text=Rib+Kimchi
300,뚝배기계란찜,Steamed Egg Hot Pot,Soft egg steamed in hot pot.,[],찜 [Jjim],0,https://via.placeholder.com/512?text=Hotpot+Egg
301,매운갈비찜,Spicy Braised Ribs,Spicy short ribs braised with vegetables.,[],찜 [Jjim],4,https://via.placeholder.com/512?text=Spicy+Ribs
302,매운닭찜,Spicy Braised Chicken,Chicken braised in spicy seasoning.,[],찜 [Jjim],4,https://via.placeholder.com/512?text=Spicy+Chicken
303,머릿고기,Pork Head Meat,Boiled and pressed pork head slices.,[],찜 [Jjim],0,https://via.placeholder.com/512?text=Pork+Head
304,명태찜,Braised Pollack,Pollack braised with vegetables and chili.,[],찜 [Jjim],3,https://via.placeholder.com/512?text=Myeongtae+Jjim
305,묵은지두부찜,Braised Aged Kimchi & Tofu,Tofu wrapped with aged kimchi and braised.,[],찜 [Jjim],1,https://via.placeholder.com/512?text=Kimchi+Tofu
306,묵은지찜,Braised Pork with Aged Kimchi,Pork braised with aged kimchi.,[],찜 [Jjim],2,https://via.placeholder.com/512?text=Braised+Kimchi+Pork
307,민어찜,Steamed Croaker,Croaker steamed with garnish.,[],찜 [Jjim],0,https://via.placeholder.com/512?text=Croaker+Steamed
308,병어찜,Steamed Pomfret,Pomfret steamed or braised.,[],찜 [Jjim],1,https://via.placeholder.com/512?text=Pomfret+Steamed
309,보쌈,Kimchi Wraps with Pork,Boiled pork wrapped with kimchi or cabbage.,[],찜 [Jjim],0,https://via.placeholder.com/512?text=Bossam
310,북어찜,Steamed Dried Pollack,Soaked dried pollack braised with seasonings.,[],찜 [Jjim],1,https://via.placeholder.com/512?text=Dried+Pollack+Steamed
311,소갈비찜,Braised Beef Short Ribs,Soy-braised beef ribs with vegetables.,[],찜 [Jjim],1,https://via.placeholder.com/512?text=Beef+Rib+Jjim
312,소꼬리찜,Braised Oxtail,Slow-cooked oxtail in seasoning.,[],찜 [Jjim],1,https://via.placeholder.com/512?text=Oxtail+Jjim
313,소머리수육,Boiled Beef Head Meat,Boiled beef head served with dipping sauce.,[],찜 [Jjim],0,https://via.placeholder.com/512?text=Head+Meat
314,수육,Boiled Beef or Pork,Boiled beef or pork slices.,[],찜 [Jjim],0,https://via.placeholder.com/512?text=Suyuk
315,순대,Blood Sausage,Korean blood sausage with glass noodles.,[],찜 [Jjim],0,https://via.placeholder.com/512?text=Sundae
316,아귀찜,Braised Spicy Monkfish,Monkfish braised spicy with bean sprouts.,[],찜 [Jjim],4,https://via.placeholder.com/512?text=Agwi+Jjim
317,아바이순대,Abai Blood Sausage,Northern-style large blood sausage.,[],찜 [Jjim],0,https://via.placeholder.com/512?text=Abai+Sundae
318,안동찜닭,Andong Braised Chicken,Chicken braised with vegetables and soy sauce.,[],찜 [Jjim],1,https://via.placeholder.com/512?text=Jjimdak
319,오리백숙,Whole Duck Soup,Duck boiled with medicinal herbs.,[],찜 [Jjim],0,https://via.placeholder.com/512?text=Duck+Baeksuk
320,오이선,Stuffed Cucumber,"Cucumber stuffed with beef, mushrooms, and garnish.",[],찜 [Jjim],0,https://via.placeholder.com/512?text=Oiseon
321,오징어순대,Stuffed Squid,"For this dish, clean the squid, remove the innards, fill with chopped green and red chili, glutinous rice, tofu, and bean sprouts and steam. Slice the stuffed squid and serve with soy vinaigrette sauce. Rich in taurine, squid helps relieve fatigue.",[],찜 [Jjim],1,https://via.placeholder.com/512?text=Stuffed+Squid
322,전복갈비찜,Braised Short Ribs and Abalone,"Made by braising cleaned beef short ribs with abalone, carrot, chestnuts, and gingko nuts in soy sauce, this dish is a delicacy eaten on special occasions.",[],찜 [Jjim],0,https://via.placeholder.com/512?text=Braised+Short+Ribs+and+Abalone
323,조기찜,Steamed Yellow Croaker,"Salted yellow croaker topped with minced garlic, julienned green onion, red chili powder, and sesame seeds and steamed in a steamer.",[],찜 [Jjim],1,https://via.placeholder.com/512?text=Steamed+Yellow+Croaker
324,족발,Braised Pigs' Feet,Pig’s feet glazed in a soy sauce with ginger and garlic. Served off the bone and thinly sliced.,[],찜 [Jjim],0,https://via.placeholder.com/512?text=Braised+Pigs+Feet
325,찜닭,Braised Chicken,"Here, chicken is cut into pieces and braised with vegetables, seasoning, and glass noodles.",[],찜 [Jjim],1,https://via.placeholder.com/512?text=Braised+Chicken
326,참꼬막찜,Steamed Cockles,This dish is prepared by placing cleaned and parboiled cockles in a bowl and drizzling them with sauce.,[],찜 [Jjim],0,https://via.placeholder.com/512?text=Steamed+Cockles
327,코다리찜,Braised Half-dried Pollack,This dish features kodari seasoned with gochujang or soy sauce and braised with radish chunks.,[],찜 [Jjim],2,https://via.placeholder.com/512?text=Braised+Half-dried+Pollack
328,편육,Cold Pork Slices,"Pork head meat boiled and pressed, served thinly sliced.",[],찜 [Jjim],0,https://via.placeholder.com/512?text=Cold+Pork+Slices
329,한방오리백숙,Whole Duck Soup with Medicinal Herbs,Duck boiled with medicinal herbs such as milk vetch root and ginseng.,[],찜 [Jjim],0,https://via.placeholder.com/512?text=Whole+Duck+Soup+with+Herbs
330,한방오리찜,Steamed Whole Duck with Medicinal Herbs,Whole duck steamed with medicinal herbs.,[],찜 [Jjim],0,https://via.placeholder.com/512?text=Steamed+Whole+Duck+with+Herbs
331,해물찜,Spicy Braised Seafood,"Fresh shrimp, squid, crab, fish, clam, and seasonal catches cooked in a thick spicy sauce.",[],찜 [Jjim],4,https://via.placeholder.com/512?text=Spicy+Braised+Seafood
332,홍어삼합,Skate, Pork,[],찜 [Jjim],1,https://via.placeholder.com/512?text=Skate+Pork+Kimchi+Combo
333,홍어찜,Steamed Skate,Steamed skate with soy sauce-based seasoning.,[],찜 [Jjim],0,https://via.placeholder.com/512?text=Steamed+Skate
334,황기닭백숙,Whole Chicken Soup with Milk Vetch Roots,Chicken boiled with milk vetch roots.,[],찜 [Jjim],0,https://via.placeholder.com/512?text=Chicken+Soup+Milk+Vetch
335,황기족발,Braised Pigs' Feet with Milk Vetch Root,Pigs’ feet boiled with milk vetch root.,[],찜 [Jjim],0,https://via.placeholder.com/512?text=Braised+Pigs+Feet+Milk+Vetch
336,황태찜,Braised Dried Pollack,Presoaked hwangtae braised with soy or chili paste sauce.,[],찜 [Jjim],2,https://via.placeholder.com/512?text=Braised+Dried+Pollack
337,훈제오리보쌈,Kimchi Wraps with Pork and Smoked Duck,Smoked duck wrapped with cabbage kimchi and boiled pork.,[],찜 [Jjim],1,https://via.placeholder.com/512?text=Smoked+Duck+Bossam
338,가지볶음,Stir-fried Eggplant,Eggplant stir-fried with garlic and soy sauce.,[],볶음 [Bokkeum],0,https://via.placeholder.com/512?text=Stir-fried+Eggplant
339,감자볶음,Stir-fried Potatoes,Julienned potatoes stir-fried with onion.,[],볶음 [Bokkeum],0,https://via.placeholder.com/512?text=Stir-fried+Potatoes
340,고구마맛탕,Deep-fried and Sugar Glazed Sweet Potatoes,Deep-fried sweet potatoes coated in syrup.,[],볶음 [Bokkeum],0,https://via.placeholder.com/512?text=Sweet+Potato+Mattang
341,곰장어볶음,Stir-fried Sea Eel,"Eel stir-fried with soy sauce, chili powder, garlic and green pepper.",[],볶음 [Bokkeum],3,https://via.placeholder.com/512?text=Stir-fried+Sea+Eel
342,곱창볶음,Stir-fried Beef or Pork Intestine,"Stir-fried intestines with chopped cabbage, onion and perilla leaves.",[],볶음 [Bokkeum],3,https://via.placeholder.com/512?text=Stir-fried+Gopchang
343,국물떡볶이,Stir-fried Rice Cake,Rice cakes stir-fried in broth with fish cakes and vegetables.,[],볶음 [Bokkeum],3,https://via.placeholder.com/512?text=Soup+Tteokbokki
344,궁중떡볶이,Royal Stir-fried Rice Cake,"Beef, mushrooms, onions, and carrots stir-fried with sweet soy sauce.",[],볶음 [Bokkeum],0,https://via.placeholder.com/512?text=Royal+Tteokbokki
345,김치볶음,Stir-fried Kimchi,Fermented kimchi stir-fried with garlic and green onion.,[],볶음 [Bokkeum],1,https://via.placeholder.com/512?text=Stir-fried+Kimchi
346,깻잎나물볶음,Stir-fried Perilla Leaves,Parboiled perilla leaves stir-fried with garlic and soy sauce.,[],볶음 [Bokkeum],0,https://via.placeholder.com/512?text=Stir-fried+Perilla
347,꽈리고추멸치볶음,Stir-fried Shishito Peppers and Dried Anchovies,Dried anchovies stir-fried with shishito peppers.,[],볶음 [Bokkeum],1,https://via.placeholder.com/512?text=Anchovy+Pepper+Stir-fry
348,낙지볶음,Stir-fried Octopus,Octopus stir-fried with spicy sauce.,[],볶음 [Bokkeum],4,https://via.placeholder.com/512?text=Stir-fried+Octopus
349,낙지철판볶음,Stir-fried Octopus on Hot Iron Plate,Octopus stir-fried on a griddle with spicy sauce.,[],볶음 [Bokkeum],4,https://via.placeholder.com/512?text=Griddled+Octopus
350,느타리버섯볶음,Stir-fried Oyster Mushrooms,Oyster mushrooms stir-fried with vegetables.,[],볶음 [Bokkeum],0,https://via.placeholder.com/512?text=Oyster+Mushroom+Stir-fry
351,닭갈비,Spicy Stir-fried Chicken,Chicken stir-fried with cabbage and spicy sauce.,[],볶음 [Bokkeum],4,https://via.placeholder.com/512?text=Dakgalbi
352,닭강정,Deep-fried and Braised Chicken,Deep-fried chicken coated in sweet/spicy sauce.,[],볶음 [Bokkeum],1,https://via.placeholder.com/512?text=Dakgangjeong
353,닭똥집볶음,Stir-fried Chicken Gizzard,Chicken gizzards stir-fried with vegetables.,[],볶음 [Bokkeum],1,https://via.placeholder.com/512?text=Chicken+Gizzard+Stir-fry
354,닭볶음탕,Spicy Braised Chicken,Chicken stew with spicy broth.,[],볶음 [Bokkeum],4,https://via.placeholder.com/512?text=Dakbokkeumtang
355,도치두루치기,Stir-fried Pacific Spiny Lumpsucker,Spiny lumpsucker stir-fried with kimchi.,[],볶음 [Bokkeum],3,https://via.placeholder.com/512?text=Dochiduru
356,돼지고기두루치기,Stir-fried Pork,Pork stir-fried with gochujang-based sauce.,[],볶음 [Bokkeum],3,https://via.placeholder.com/512?text=Pork+Duru
357,돼지고기볶음,Stir-fried Pork,Pork marinated with gochujang and stir-fried.,[],볶음 [Bokkeum],3,https://via.placeholder.com/512?text=Gochujang+Pork
358,돼지고기주물럭,Spicy Stir-fried Pork,Spicy marinated pork stir-fried.,[],볶음 [Bokkeum],3,https://via.placeholder.com/512?text=Pork+Jumulreok
359,돼지껍데기볶음,Stir-fried Pork Rind,Spicy stir-fried pork rind.,[],볶음 [Bokkeum],3,https://via.placeholder.com/512?text=Pork+Skin+Stir-fry
360,두부김치,Bean Curd with Stir-fried Kimchi,"Kimchi stir-fried with pork, served with tofu.",[],볶음 [Bokkeum],1,https://via.placeholder.com/512?text=Tofu+Kimchi
361,떡볶이,Stir-fried Rice Cake,Sliced rice cake stir-fried in spicy gochujang sauce with vegetables and fish cakes.,[],볶음 [Bokkeum],3,https://via.placeholder.com/512?text=Stir-fried+Rice+Cake
362,라볶이,Stir-fried Instant Noodle,Tteokbokki with ramen noodles stir-fried in gochujang sauce.,[],볶음 [Bokkeum],3,https://via.placeholder.com/512?text=Rabokki
363,마늘종볶음,Stir-fried Garlic Scape,Garlic scapes parboiled and stir-fried with soy sauce.,[],볶음 [Bokkeum],0,https://via.placeholder.com/512?text=Garlic+Scape+Stir-fry
364,마른새우볶음,Stir-fried Dried Shrimp,"Dried shrimp stir-fried with soy sauce, sugar, sesame oil.",[],볶음 [Bokkeum],1,https://via.placeholder.com/512?text=Dried+Shrimp+Stir-fry
365,매운닭발볶음,Spicy Stir-fried Chicken's Feet,Chicken feet stir-fried in gochujang and red chili powder.,[],볶음 [Bokkeum],4,https://via.placeholder.com/512?text=Spicy+Chicken+Feet
366,머위나물볶음,Stir-fried Butterbur,Butterbur stems boiled and stir-fried with garlic and salt.,[],볶음 [Bokkeum],0,https://via.placeholder.com/512?text=Butterbur+Stir-fry
367,물오징어불고기,Squid Bulgogi,Sliced squid marinated in gochujang sauce and stir-fried.,[],볶음 [Bokkeum],3,https://via.placeholder.com/512?text=Squid+Bulgogi
368,미역줄기볶음,Stir-fried Seaweed Stems,Desalted brown seaweed stems stir-fried with oil and garlic.,[],볶음 [Bokkeum],0,https://via.placeholder.com/512?text=Seaweed+Stem+Stir-fry
369,소시지야채볶음,Stir-fried Sausage with Vegetables,Sausage stir-fried with onions and carrots.,[],볶음 [Bokkeum],0,https://via.placeholder.com/512?text=Sausage+Vegetable+Stir-fry
370,순대볶음,Stir-fried Blood Sausage,"Sundae stir-fried with cabbage, onion, and rice cake.",[],볶음 [Bokkeum],2,https://via.placeholder.com/512?text=Stir-fried+Sundae
371,애호박볶음,Stir-fried Zucchini,"Sliced zucchini stir-fried with garlic and green onion, seasoned with salted shrimp.",[],볶음 [Bokkeum],0,https://via.placeholder.com/512?text=Stir-fried+Zucchini
372,양념치킨,Seasoned Fried Chicken,Deep-fried chicken coated with spicy or sweet sauce.,[],볶음 [Bokkeum],2,https://via.placeholder.com/512?text=Seasoned+Chicken
373,어묵볶음,Stir-fried Fishcake,Fishcakes stir-fried with onion and soy sauce.,[],볶음 [Bokkeum],0,https://via.placeholder.com/512?text=Stir-fried+Fishcake
374,오리주물럭,Spicy Stir-fried Duck,Duck pieces seasoned with gochujang and stir-fried.,[],볶음 [Bokkeum],3,https://via.placeholder.com/512?text=Spicy+Duck+Stir-fry
375,오삼불고기,Squid and Pork Belly Bulgogi,Squid and pork belly stir-fried with gochujang and vegetables.,[],볶음 [Bokkeum],3,https://via.placeholder.com/512?text=Osam+Bulgogi
376,오징어두루치기,Stir-fried Squid,Squid stir-fried with zucchini and onion in a chili powder sauce.,[],볶음 [Bokkeum],3,https://via.placeholder.com/512?text=Stir-fried+Squid
377,오징어볶음,Stir-fried Squid,"Squid stir-fried with onions, cabbage, and gochujang.",[],볶음 [Bokkeum],3,https://via.placeholder.com/512?text=Stir-fried+Squid
378,오징어채볶음,Stir-fried Dried Squid Strips,Seasoned dried shredded squid stir-fried in gochujang sauce.,[],볶음 [Bokkeum],2,https://via.placeholder.com/512?text=Dried+Squid+Stir-fry
379,우삼겹숙주볶음,Stir-fried Beef Plate with Mung Bean Sprouts,"Beef stir-fried with mung bean sprouts, seasoned with salt and oyster sauce.",[],볶음 [Bokkeum],0,https://via.placeholder.com/512?text=Beef+Sprout+Stir-fry
380,잔멸치볶음,Stir-fried Small Dried Anchovies,Baby anchovies pan-fried and coated with soy sauce and syrup.,[],볶음 [Bokkeum],1,https://via.placeholder.com/512?text=Small+Anchovy+Stir-fry
381,제육볶음,Stir-fried Pork,Thinly sliced pork marinated in spicy gochujang sauce and stir-fried with vegetables.,[],볶음 [Bokkeum],3,https://via.placeholder.com/512?text=Stir-fried+Pork
382,주꾸미볶음,Stir-fried Webfoot Octopus,Webfoot octopus stir-fried with vegetables and spicy gochujang sauce.,[],볶음 [Bokkeum],4,https://via.placeholder.com/512?text=Stir-fried+Webfoot+Octopus
383,죽순볶음,Stir-fried Bamboo Shoots,"Boiled bamboo shoots stir-fried with onion and vegetables, seasoned with salt.",[],볶음 [Bokkeum],0,https://via.placeholder.com/512?text=Bamboo+Shoot+Stir-fry
384,쥐치채볶음,Stir-fried Dried Filefish Strips,Dried shredded filefish stir-fried with mild soy sauce.,[],볶음 [Bokkeum],0,https://via.placeholder.com/512?text=Filefish+Strip+Stir-fry
385,즉석떡볶이,Stir-fried Rice Cake,"Tteokbokki cooked at the table with dumplings, noodles, and cheese additions.",[],볶음 [Bokkeum],3,https://via.placeholder.com/512?text=Instant+Tteokbokki
386,철판순대볶음,Stir-fried Blood Sausage on Hot Iron Plate,"Sundae stir-fried on a hot plate with cabbage, onion, and perilla leaves.",[],볶음 [Bokkeum],2,https://via.placeholder.com/512?text=Iron+Plate+Sundae
387,표고버섯볶음,Stir-fried Golden Oak Mushrooms,Soaked dried shiitake seasoned and stir-fried with vegetables.,[],볶음 [Bokkeum],0,https://via.placeholder.com/512?text=Shiitake+Stir-fry
388,해물떡볶이,Stir-fried Rice Cake and Seafood,"Tteokbokki with added seafood such as shrimp, crab, squid, and mussels.",[],볶음 [Bokkeum],3,https://via.placeholder.com/512?text=Seafood+Tteokbokki
389,가자미조림,Braised Plaice,Plaice braised in soy sauce with radish.,[],조림 [Jorim],1,https://via.placeholder.com/512?text=Braised+Plaice
390,갈치조림,Braised Cutlassfish,Cutlassfish braised with white radish and chili peppers in spicy soy sauce.,[],조림 [Jorim],2,https://via.placeholder.com/512?text=Braised+Cutlassfish
391,감자조림,Braised Potatoes,Potatoes fried and then braised in soy sauce until glazed.,[],조림 [Jorim],0,https://via.placeholder.com/512?text=Braised+Potatoes
392,고등어조림,Braised Mackerel,Mackerel braised with radish or potatoes in spicy soy sauce mixture.,[],조림 [Jorim],2,https://via.placeholder.com/512?text=Braised+Mackerel
393,도미조림,Braised Sea Bream,"Sea bream braised with soy sauce, garlic, ginger, and sugar.",[],조림 [Jorim],0,https://via.placeholder.com/512?text=Braised+Sea+Bream
394,돼지고기 메추리알장조림,Braised Pork and Quail Eggs,Lean pork and quail eggs braised in soy sauce.,[],조림 [Jorim],0,https://via.placeholder.com/512?text=Pork+Quail+Egg+Jorim
395,두부조림,Braised Bean Curd,Lightly pan-fried tofu simmered in soy sauce with garlic and chili.,[],조림 [Jorim],1,https://via.placeholder.com/512?text=Braised+Tofu
396,땅콩조림,Braised Peanuts,"Peanuts braised in soy sauce, syrup, sugar, and garlic.",[],조림 [Jorim],0,https://via.placeholder.com/512?text=Braised+Peanuts
397,메추리알장조림,Braised Quail Eggs,Quail eggs braised in soy sauce with garlic and ginger.,[],조림 [Jorim],0,https://via.placeholder.com/512?text=Braised+Quail+Eggs
398,명태조림,Braised Pollack,Pollack marinated and braised with spicy seasoning.,[],조림 [Jorim],2,https://via.placeholder.com/512?text=Braised+Pollack
399,묵은지고등어조림,Braised Mackerel with Aged Kimchi,Mackerel braised with well-aged kimchi in spicy sauce.,[],조림 [Jorim],3,https://via.placeholder.com/512?text=Braised+Mackerel+Kimchi
400,병어조림,Braised Pomfret,Pomfret braised with potatoes and spicy soy chili mixture.,[],조림 [Jorim],2,https://via.placeholder.com/512?text=Braised+Pomfret
401,북어조림,Braised Dried Pollack,Dried pollack soaked and braised with soy-based seasoning.,[],조림 [Jorim],1,https://via.placeholder.com/512?text=Braised+Dried+Pollack
402,붕어조림,Braised Carp,Carp braised with radish and spicy seasoning.,[],조림 [Jorim],3,https://via.placeholder.com/512?text=Braised+Carp
403,생멸치조림,Braised Anchovies,"Fresh anchovies braised with doenjang, gochujang, and vegetables.",[],조림 [Jorim],3,https://via.placeholder.com/512?text=Braised+Anchovies
404,소고기 메추리알장조림,Braised Beef and Quail Eggs,Beef and quail eggs braised in soy sauce mixture.,[],조림 [Jorim],0,https://via.placeholder.com/512?text=Beef+Quail+Egg+Jorim
405,연근조림,Braised Lotus Roots,Lotus roots parboiled and braised in soy and sugar glaze.,[],조림 [Jorim],0,https://via.placeholder.com/512?text=Braised+Lotus+Root
406,오징어조림,Braised Squid,Squid braised in soy sauce with garlic and chili.,[],조림 [Jorim],1,https://via.placeholder.com/512?text=Braised+Squid
407,우럭조림,Braised Rockfish,Rockfish braised with vegetables and spicy seasoning.,[],조림 [Jorim],2,https://via.placeholder.com/512?text=Braised+Rockfish
408,우엉조림,Braised Burdock Roots,Julienned burdock roots braised in soy sauce mixture.,[],조림 [Jorim],0,https://via.placeholder.com/512?text=Braised+Burdock
409,은대구조림,Braised Black Cod,Black cod braised in sweet soy glaze with radish.,[],조림 [Jorim],0,https://via.placeholder.com/512?text=Braised+Black+Cod
410,장조림,Braised Beef in Soy Sauce,Shredded beef braised in soy sauce with garlic and sugar.,[],조림 [Jorim],0,https://via.placeholder.com/512?text=Jangjorim
411,조기조림,Braised Yellow Croaker,Yellow croaker braised with spicy soy sauce mixture over low heat.,[],조림 [Jorim],2,https://via.placeholder.com/512?text=Braised+Yellow+Croaker
412,코다리조림,Braised Half-dried Pollack,"Half-dried pollack braised with soy sauce, chili powder, and garlic.",[],조림 [Jorim],2,https://via.placeholder.com/512?text=Braised+Kodari
413,콩조림,Braised Beans,Soybeans braised in soy sauce until salty and savory.,[],조림 [Jorim],0,https://via.placeholder.com/512?text=Braised+Beans
414,풋고추조림,Braised Green Chili Pepper,Green chili peppers braised with soy sauce and meat or dried fish.,[],조림 [Jorim],1,https://via.placeholder.com/512?text=Braised+Green+Chili
415,가지나물,Eggplant Salad,Steamed eggplant shredded and seasoned with condiments.,[],숙채 [Sukchae],0,https://via.placeholder.com/512?text=Eggplant+Salad
416,간편잡채,Stir-fried Glass Noodles and Vegetables,"Glass noodles boiled and stir-fried with vegetables, abalone, and beef.",[],숙채 [Sukchae],0,https://via.placeholder.com/512?text=Japchae
417,고구마순나물,Sweet Potato Stalk Salad,Boiled sweet potato stems stir-fried and seasoned.,[],숙채 [Sukchae],0,https://via.placeholder.com/512?text=Sweet+Potato+Stalk
418,고사리나물,Bracken Salad,"Soaked and boiled bracken seasoned with soy sauce, garlic, and pepper.",[],숙채 [Sukchae],0,https://via.placeholder.com/512?text=Bracken+Salad
419,고춧잎나물,Chili Pepper Leaf Salad,Parboiled chili pepper leaves mixed with gochujang and sesame oil.,[],숙채 [Sukchae],1,https://via.placeholder.com/512?text=Chili+Leaf+Salad
420,곤드레나물,Thistle Salad,"Parboiled thistle seasoned with soy sauce, garlic, and sesame oil.",[],숙채 [Sukchae],0,https://via.placeholder.com/512?text=Thistle+Salad
421,구절판,Platter of Nine Delicacies,Eight kinds of vegetables and meats wrapped in wheat crepes with mustard-soy sauce.,[],숙채 [Sukchae],0,https://via.placeholder.com/512?text=Gujeolpan
422,깻잎순무침,Perilla Leaf Salad,"Parboiled perilla leaves mixed with soy sauce, garlic, and perilla oil.",[],숙채 [Sukchae],0,https://via.placeholder.com/512?text=Perilla+Leaf+Salad
423,나물,Salad,Assorted wild vegetables boiled or pan-fried and seasoned with various condiments.,[],숙채 [Sukchae],0,https://via.placeholder.com/512?text=Sukchae
424,냉이나물,Shepherd's Purse Salad,Parboiled shepherd's purse seasoned with doenjang or gochujang.,[],숙채 [Sukchae],1,https://via.placeholder.com/512?text=Shepherds+Purse
425,대하냉채,Chilled Prawn Salad,"Butterflied prawns mixed with beef slices, bamboo shoots, and cucumbers in pine nut dressing.",[],숙채 [Sukchae],0,https://via.placeholder.com/512?text=Chilled+Prawn+Salad
426,도라지나물,Bellflower Root Salad,"Bellflower root kneaded with salt, stir-fried with garlic and sesame.",[],숙채 [Sukchae],0,https://via.placeholder.com/512?text=Bellflower+Root+Salad
427,무나물,Radish Salad,Julienned radish stir-fried lightly and seasoned.,[],숙채 [Sukchae],0,https://via.placeholder.com/512?text=Radish+Salad
428,미나리나물,Water Parsley Salad,Parboiled water parsley seasoned with condiments.,[],숙채 [Sukchae],0,https://via.placeholder.com/512?text=Water+Parsley+Salad
429,미역초무침,Sweet and Sour Seaweed Salad,"Parboiled seaweed mixed with vinegar, sugar, and cucumber.",[],숙채 [Sukchae],0,https://via.placeholder.com/512?text=Seaweed+Vinegar+Salad
430,비름나물,Pigweed Salad,Parboiled pigweed mixed with soy sauce or gochujang.,[],숙채 [Sukchae],1,https://via.placeholder.com/512?text=Pigweed+Salad
431,숙주나물,Mung Bean Sprout Salad,"Parboiled mung bean sprouts seasoned with salt, garlic, and sesame oil.",[],숙채 [Sukchae],0,https://via.placeholder.com/512?text=Mung+Bean+Sprout+Salad
432,시금치나물,Spinach Salad,"Parboiled spinach seasoned with garlic, green onion, sesame oil, and sesame seeds.",[],숙채 [Sukchae],0,https://via.placeholder.com/512?text=Spinach+Salad
433,시래기나물,Dried Radish Leaf Salad,"Boiled radish greens seasoned with soy sauce, garlic, and stir-fried lightly.",[],숙채 [Sukchae],0,https://via.placeholder.com/512?text=Siraegi+Salad
434,쑥갓나물무침,Crown Daisy Salad,Parboiled crown daisy seasoned with soy sauce and sesame oil.,[],숙채 [Sukchae],0,https://via.placeholder.com/512?text=Crown+Daisy+Salad
435,열무된장무침,Young Radish Soybean Paste Salad,"Parboiled young radish seasoned with doenjang, garlic, and plum extract.",[],숙채 [Sukchae],1,https://via.placeholder.com/512?text=Young+Radish+Doenjang+Salad
436,우엉잡채,Stir-fried Glass Noodles and Vegetables with Burdock Root,Burdock roots braised and mixed with stir-fried glass noodles and vegetables.,[],숙채 [Sukchae],0,https://via.placeholder.com/512?text=Burdock+Japchae
437,잡채,Stir-fried Glass Noodles and Vegetables,"Glass noodles stir-fried with beef, mushrooms, and vegetables.",[],숙채 [Sukchae],0,https://via.placeholder.com/512?text=Japchae
438,죽순채,Seasoned Bamboo Shoots,"Boiled bamboo shoots stir-fried with beef, mushrooms, parsley, and chili.",[],숙채 [Sukchae],1,https://via.placeholder.com/512?text=Seasoned+Bamboo+Shoots
439,참나물,Short-fruit Pimpinella Salad,"Parboiled pimpinella seasoned with soy sauce or gochujang, garlic, and sesame oil.",[],숙채 [Sukchae],1,https://via.placeholder.com/512?text=Pimpinella+Salad
440,취나물,Aster Leaf Salad,"Parboiled and seasoned aster leaves, known for their subtle fragrance.",[],숙채 [Sukchae],0,https://via.placeholder.com/512?text=Aster+Leaf+Salad
441,콩나물무침,Bean Sprout Salad,"Parboiled bean sprouts mixed with garlic, green onion, and sesame oil.",[],숙채 [Sukchae],0,https://via.placeholder.com/512?text=Bean+Sprout+Salad
442,탕평채,Mung Bean Jelly Salad,"Thin mung bean jelly mixed with sautéed beef, parsley, egg garnish, and seaweed.",[],숙채 [Sukchae],0,https://via.placeholder.com/512?text=Tangpyeongchae
443,골뱅이무침,Spicy Sea Snails Salad,Sea snails mixed with vegetables and spicy gochujang seasoning.,[],생채 [Saengchae],3,https://via.placeholder.com/512?text=Spicy+Sea+Snails
444,굴무침,Oyster Salad,Fresh oysters mixed with mild seasonings to preserve aroma.,[],생채 [Saengchae],1,https://via.placeholder.com/512?text=Oyster+Salad
445,김무침,Laver Salad,"Lightly crushed toasted laver seasoned with soy sauce, sugar, sesame oil, and chili powder.",[],생채 [Saengchae],1,https://via.placeholder.com/512?text=Laver+Salad
446,꼬막무침,Cockle Salad,"Boiled cockles mixed with cucumber, onion, carrot, and perilla leaves.",[],생채 [Saengchae],2,https://via.placeholder.com/512?text=Cockle+Salad
447,냉채족발,Chilled Pig’s Feet Salad,Sliced boiled pig’s feet with vegetables served in mustard sauce.,[],생채 [Saengchae],1,https://via.placeholder.com/512?text=Chilled+Jokbal+Salad
448,노각무침,Yellow Cucumber Salad,Lightly salted nogak mixed with various seasonings.,[],생채 [Saengchae],0,https://via.placeholder.com/512?text=Yellow+Cucumber+Salad
449,달래무침,Wild Chive Salad,"Wild chives mixed with soy sauce, red chili powder, garlic, and sesame oil.",[],생채 [Saengchae],1,https://via.placeholder.com/512?text=Wild+Chive+Salad
450,대구포무침,Dried Codfish Fillet Salad,Dried codfish fillets mixed with chili powder and sesame oil.,[],생채 [Saengchae],2,https://via.placeholder.com/512?text=Dried+Codfish+Salad
451,더덕생채,Deodeok Fresh Salad,Flattened and shredded deodeok seasoned with sweet and sour gochujang.,[],생채 [Saengchae],2,https://via.placeholder.com/512?text=Deodeok+Salad
452,도라지생채,Bellflower Root Fresh Salad,"Fresh bellflower root shredded and seasoned with vinegar, sugar, and chili powder.",[],생채 [Saengchae],2,https://via.placeholder.com/512?text=Bellflower+Root+Fresh+Salad
453,도토리묵,Acorn Jelly Salad,"Acorn jelly sliced and mixed with carrots, crown daisy, cucumber, and chili pepper.",[],생채 [Saengchae],1,https://via.placeholder.com/512?text=Acorn+Jelly+Salad
454,도토리묵무침,Acorn Jelly Salad,"Acorn jelly mixed with vegetables, seaweed, and seasoned soy-sesame sauce.",[],생채 [Saengchae],1,https://via.placeholder.com/512?text=Acorn+Jelly+Muchim
455,돌미나리무침,Wild Parsley Salad,"Wild parsley parboiled and seasoned with soy sauce, garlic, and sesame oil.",[],생채 [Saengchae],0,https://via.placeholder.com/512?text=Wild+Parsley+Salad
456,두릅초회,Parboiled Fatsia Shoot,Parboiled fatsia shoots served with vinegar-gochujang dipping sauce.,[],생채 [Saengchae],1,https://via.placeholder.com/512?text=Fatsia+Shoot+Salad
457,마늘종무침,Spicy Garlic Stem Salad,"Garlic scapes mixed with gochujang, chili powder, garlic, and sesame oil.",[],생채 [Saengchae],2,https://via.placeholder.com/512?text=Garlic+Stem+Salad
458,메밀무침,Buckwheat Leaf Salad,Parboiled buckwheat leaves seasoned with sauce and sesame oil.,[],생채 [Saengchae],0,https://via.placeholder.com/512?text=Buckwheat+Leaf+Salad
459,메밀묵무침,Buckwheat Jelly Salad,"Buckwheat jelly mixed with kimchi, soy sauce, sesame oil, and garlic.",[],생채 [Saengchae],1,https://via.placeholder.com/512?text=Buckwheat+Jelly+Salad
460,무말랭이무침,Dried Radish Salad,Soaked dried radish seasoned with soy sauce and chili powder.,[],생채 [Saengchae],2,https://via.placeholder.com/512?text=Dried+Radish+Salad
461,무말이강회,Vegetables and Meat Wrapped in Radish Slices,"Thin radish slices wrapped around vegetables and meat, served with glutinous rice dipping sauce.",[],생채 [Saengchae],0,https://via.placeholder.com/512?text=Radish+Roll
462,무생채,Julienne Radish Fresh Salad,"Julienned radish seasoned with vinegar, sugar, and chili powder.",[],생채 [Saengchae],1,https://via.placeholder.com/512?text=Spicy+Radish+Salad
463,부추무침,Chive Salad,"Chives tossed with chili powder, garlic, green onion, and anchovy sauce.",[],생채 [Saengchae],2,https://via.placeholder.com/512?text=Chive+Salad
464,북어채무침,Dried Pollack Strip Salad,Shredded dried pollack mixed with gochujang sauce.,[],생채 [Saengchae],2,https://via.placeholder.com/512?text=Dried+Pollack+Salad
465,상추겉절이,Fresh Lettuce Kimchi,"Fresh lettuce tossed with chili powder, garlic, soy sauce, and sesame oil.",[],생채 [Saengchae],1,https://via.placeholder.com/512?text=Lettuce+Salad
466,영양부추겉절이,Fresh Chive Kimchi,"Chives mixed with chili powder, anchovy sauce, garlic, and sesame oil.",[],생채 [Saengchae],2,https://via.placeholder.com/512?text=Fresh+Chive+Kimchi
467,오이냉채,Chilled Cucumber Salad,Cold cucumber slices drizzled with vinegar-sugar dressing.,[],생채 [Saengchae],0,https://via.placeholder.com/512?text=Chilled+Cucumber+Salad
468,오이무침,Cucumber Salad,Lightly salted cucumber mixed with gochujang and plum extract.,[],생채 [Saengchae],1,https://via.placeholder.com/512?text=Spicy+Cucumber+Salad
469,오이미역초무침,Sweet and Sour Seaweed Cucumber Salad,Parboiled seaweed mixed with cucumber and vinegar-based sauce.,[],생채 [Saengchae],0,https://via.placeholder.com/512?text=Seaweed+Cucumber+Salad
470,오이지무침,Pickled Cucumber Salad,"Desalted pickled cucumber mixed with garlic, chili powder, sugar, and sesame oil.",[],생채 [Saengchae],1,https://via.placeholder.com/512?text=Pickled+Cucumber+Salad
471,오징어강회,Squid Wrapped with Chives,"Parboiled squid wrapped with chives or water parsley, served with vinegar-gochujang dipping sauce.",[],생채 [Saengchae],1,https://via.placeholder.com/512?text=Squid+Chive+Wrap
472,오징어무침,Squid Salad,Parboiled squid seasoned with vinegar-gochujang sauce.,[],생채 [Saengchae],2,https://via.placeholder.com/512?text=Spicy+Squid+Salad
473,오징어초무침,Sweet and Sour Squid Salad,Parboiled squid mixed with cucumber and vinegar-gochujang sauce.,[],생채 [Saengchae],1,https://via.placeholder.com/512?text=Sweet+Sour+Squid
474,올챙이묵,Corn Starch Noodles,Corn starch jelly served in kimchi soup or with dipping sauce.,[],생채 [Saengchae],0,https://via.placeholder.com/512?text=Corn+Starch+Jelly
475,우렁초무침,Freshwater Snail Salad with Vinegar Dressing,Parboiled freshwater snails mixed with vegetables and chili-vinegar sauce.,[],생채 [Saengchae],2,https://via.placeholder.com/512?text=Snail+Salad
476,청포묵무침,Mung Bean Jelly Salad,"Mung bean jelly mixed with beef, parsley, and toasted seaweed.",[],생채 [Saengchae],0,https://via.placeholder.com/512?text=Mung+Bean+Jelly+Salad
477,파강회,Meat Wrapped with Chives,Boiled pork wrapped with parboiled chives and served with vinegar-gochujang.,[],생채 [Saengchae],1,https://via.placeholder.com/512?text=Chive+Meat+Wrap
478,파래무침,Green Laver Salad,Sea lettuce mixed with radish and soy-sesame seasoning.,[],생채 [Saengchae],0,https://via.placeholder.com/512?text=Green+Laver+Salad
479,파무침,Green Onion Salad,"Julienned green onions tossed with chili powder, garlic, and sesame oil.",[],생채 [Saengchae],2,https://via.placeholder.com/512?text=Green+Onion+Salad
480,해파리냉채,Chilled Jellyfish Salad,Parboiled jellyfish mixed with cucumber and mustard vinaigrette.,[],생채 [Saengchae],0,https://via.placeholder.com/512?text=Jellyfish+Salad
481,갈낙전골,Short Rib and Octopus Hot Pot,Short ribs and octopus boiled with mushrooms and seafood.,[],전골 [Jeongol],1,https://via.placeholder.com/512?text=Galnak+Jeongol
482,곱창전골,Beef Tripe Hot Pot,Beef or pork tripe cooked in spicy broth with vegetables.,[],전골 [Jeongol],3,https://via.placeholder.com/512?text=Gopchang+Jeongol
483,국수전골,Noodle Hot Pot,"Beef and vegetables simmered, then finished with noodles.",[],전골 [Jeongol],0,https://via.placeholder.com/512?text=Noodle+Jeongol
484,김치전골,Kimchi Hot Pot,Aged kimchi and pork boiled with vegetables.,[],전골 [Jeongol],2,https://via.placeholder.com/512?text=Kimchi+Jeongol
485,낙지곱창새우전골,Octopus, Shrimp,[],전골 [Jeongol],3,https://via.placeholder.com/512?text=Seafood+Gopchang+Jeongol
486,낙지전골,Octopus Hot Pot,"Octopus boiled with mushrooms, vegetables, and broth.",[],전골 [Jeongol],2,https://via.placeholder.com/512?text=Octopus+Jeongol
487,닭한마리,Whole Chicken Stew,"Whole chicken cooked with potatoes, dates, rice cake, and mushrooms.",[],전골 [Jeongol],1,https://via.placeholder.com/512?text=Dakhanmari
488,두부전골,Bean Curd Hot Pot,"Tofu, vegetables, and beef cooked in mild broth.",[],전골 [Jeongol],0,https://via.placeholder.com/512?text=Tofu+Jeongol
489,만두전골,Dumpling Hot Pot,"Dumplings boiled with beef, mushrooms, and vegetables.",[],전골 [Jeongol],0,https://via.placeholder.com/512?text=Mandu+Jeongol
490,버섯전골,Mushroom Hot Pot,Assorted mushrooms and beef simmered in broth.,[],전골 [Jeongol],0,https://via.placeholder.com/512?text=Mushroom+Jeongol
491,불낙전골,Bulgogi and Octopus Hot Pot,Bulgogi and octopus simmered with vegetables.,[],전골 [Jeongol],2,https://via.placeholder.com/512?text=Bulnak+Jeongol
492,소고기국수전골,Beef and Noodle Hot Pot,"Beef and vegetables simmered, finished with noodles.",[],전골 [Jeongol],0,https://via.placeholder.com/512?text=Beef+Noodle+Jeongol
493,소고기버섯전골,Beef and Mushroom Hot Pot,Beef and assorted mushrooms cooked in broth.,[],전골 [Jeongol],0,https://via.placeholder.com/512?text=Beef+Mushroom+Jeongol
494,소고기전골,Beef Hot Pot,Seasoned beef cooked with vegetables and broth.,[],전골 [Jeongol],0,https://via.placeholder.com/512?text=Beef+Jeongol
495,순두부전골,Soft Bean Curd Hot Pot,Soft tofu boiled with sprouts and vegetables.,[],전골 [Jeongol],1,https://via.placeholder.com/512?text=Soft+Tofu+Jeongol
496,신선로,Royal Hot Pot,"Seafood, meat, and vegetables cooked in sinseollo pot.",[],전골 [Jeongol],0,https://via.placeholder.com/512?text=Sinseollo
497,해물낙지전골,Seafood and Octopus Hot Pot,Assorted seafood and octopus boiled in spicy broth.,[],전골 [Jeongol],3,https://via.placeholder.com/512?text=Seafood+Octopus+Jeongol
498,송이산적,Pine Mushroom Skewers,Pine mushrooms and soy-marinated beef grilled on skewers.,[],적·산적 [Jeok And Sanjeok],0,https://via.placeholder.com/512?text=Pine+Mushroom+Skewer
499,화양적,Beef and Vegetable Skewers,"Bellflower root, beef, carrots, mushrooms, and green onion skewered and pan-fried.",[],적·산적 [Jeok And Sanjeok],0,https://via.placeholder.com/512?text=Hwayangjeok
500,가리비구이,Grilled Scallops,Scallops grilled and served with chili-vinegar sauce.,[],구이 [Gui],1,https://via.placeholder.com/512?text=Grilled+Scallops
501,가자미구이,Grilled Plaice,Salt-grilled plaice with soft flesh and clean taste.,[],구이 [Gui],0,https://via.placeholder.com/512?text=Grilled+Plaice
502,갈치구이,Grilled Cutlassfish,Cutlassfish salted and grilled or pan-fried.,[],구이 [Gui],0,https://via.placeholder.com/512?text=Grilled+Cutlassfish
503,고등어구이,Grilled Mackerel,Salt-sprinkled mackerel grilled or pan-fried.,[],구이 [Gui],0,https://via.placeholder.com/512?text=Grilled+Mackerel
504,고추장불고기,Red Chili Paste Bulgogi,Beef or pork marinated in gochujang and grilled.,[],구이 [Gui],3,https://via.placeholder.com/512?text=Gochujang+Bulgogi
505,고추장삼겹살,Red Chili Paste Pork Belly,Pork belly marinated in spicy gochujang sauce and grilled.,[],구이 [Gui],3,https://via.placeholder.com/512?text=Gochujang+Samgyeopsal
506,곰장어구이,Grilled Sea Eel,Sea eel straw-grilled and served skinned.,[],구이 [Gui],0,https://via.placeholder.com/512?text=Grilled+Sea+Eel
507,곱창구이,Grilled Beef Tripe,Beef or pork tripe grilled and served with dipping sauce.,[],구이 [Gui],1,https://via.placeholder.com/512?text=Gopchang+Gui
508,광양불고기,Gwangyang Bulgogi,Thin-sliced beef grilled over charcoal quickly.,[],구이 [Gui],0,https://via.placeholder.com/512?text=Gwangyang+Bulgogi
509,굴비구이,Grilled Dried Yellow Croaker,Salted and dried yellow croaker grilled until fragrant.,[],구이 [Gui],0,https://via.placeholder.com/512?text=Grilled+Gulbi
510,김,Laver,Toasted dried laver eaten with oil and salt.,[],구이 [Gui],0,https://via.placeholder.com/512?text=Laver
511,꼬치구이,Grilled Skewers,"Meat, seafood, and vegetables grilled on skewers.",[],구이 [Gui],1,https://via.placeholder.com/512?text=Grilled+Skewers
512,꽁치구이,Grilled Saury,Salted saury grilled or pan-roasted.,[],구이 [Gui],0,https://via.placeholder.com/512?text=Grilled+Saury
513,낙지호롱,Grilled Whole Octopus,"Whole octopus skewered, rolled, brushed with sauce, and grilled.",[],구이 [Gui],2,https://via.placeholder.com/512?text=Grilled+Octopus
514,너비아니,Marinated Grilled Beef Slices,Soy-marinated beef slices grilled and topped with pine nuts.,[],구이 [Gui],0,https://via.placeholder.com/512?text=Neobiani
515,닭꼬치구이,Chicken Skewers,Chicken and vegetables grilled with soy or gochujang sauce.,[],구이 [Gui],2,https://via.placeholder.com/512?text=Chicken+Skewers
516,대창구이,Grilled Beef Large Intestine,Beef intestines cleaned and grilled or marinated.,[],구이 [Gui],1,https://via.placeholder.com/512?text=Grilled+Daechang
517,대패삼겹살,Grilled Thin-sliced Pork Belly,Frozen thin-sliced pork belly grilled quickly.,[],구이 [Gui],0,https://via.placeholder.com/512?text=Thin+Pork+Belly
518,대하구이,Grilled Prawn,"Salt-grilled prawns, especially in fall.",[],구이 [Gui],0,https://via.placeholder.com/512?text=Grilled+Prawn
519,대합구이,Grilled Hard Clams,"Hard clams stuffed with beef, tofu, mushrooms, and grilled.",[],구이 [Gui],0,https://via.placeholder.com/512?text=Grilled+Clams
520,더덕구이,Grilled Deodeok,Deodeok brushed with spicy gochujang sauce and grilled.,[],구이 [Gui],2,https://via.placeholder.com/512?text=Grilled+Deodeok
521,도루묵구이,Grilled Sailfin Sandfish,"Sandfish salted, brushed with sauce, and grilled.",[],구이 [Gui],0,https://via.placeholder.com/512?text=Grilled+Sandfish
522,도리뱅뱅,Spicy Braised Freshwater Sprats,Freshwater sprats pan-fried then braised in spicy sauce.,[],구이 [Gui],3,https://via.placeholder.com/512?text=Doribaengbaeng
523,도미구이,Grilled Sea Bream,Sea bream grilled with sesame oil until crispy.,[],구이 [Gui],0,https://via.placeholder.com/512?text=Grilled+Sea+Bream
524,돼지갈비구이,Grilled Spareribs,Pork ribs marinated in sweet soy or spicy gochujang sauce.,[],구이 [Gui],1,https://via.placeholder.com/512?text=Grilled+Pork+Ribs
525,돼지막창구이,Grilled Pork Intestine,Pork intestines grilled until chewy.,[],구이 [Gui],1,https://via.placeholder.com/512?text=Grilled+Makchang
526,등갈비구이,Grilled Back Ribs,Boiled pork back ribs seasoned and grilled.,[],구이 [Gui],0,https://via.placeholder.com/512?text=Back+Rib+Gui
527,등심구이,Grilled Sirloin,Sirloin seasoned simply and grilled.,[],구이 [Gui],0,https://via.placeholder.com/512?text=Grilled+Sirloin
528,떡갈비,Grilled Short Rib Patties,Minced short rib meat shaped and grilled with soy glaze.,[],구이 [Gui],0,https://via.placeholder.com/512?text=Tteokgalbi
529,막창구이,Grilled Beef Reed Tripe,Pig or cow intestines grilled and dipped in salt or sauce.,[],구이 [Gui],1,https://via.placeholder.com/512?text=Grilled+Tripe
530,매운족발,Spicy Braised Pigs' Feet,Pigs' feet grilled with spicy gochujang mixture.,[],구이 [Gui],3,https://via.placeholder.com/512?text=Spicy+Jokbal
531,모던불고기,Modern Bulgogi,"Flat beef patty marinated, pan-fried, and served with salad.",[],구이 [Gui],0,https://via.placeholder.com/512?text=Modern+Bulgogi
532,목살구이,Grilled Pork Neck,Pork neck seasoned with salt and pepper and grilled.,[],구이 [Gui],0,https://via.placeholder.com/512?text=Grilled+Pork+Neck
533,바싹불고기,Thin-sliced Bulgogi,Thin beef slices marinated and grilled until crispy.,[],구이 [Gui],0,https://via.placeholder.com/512?text=Crispy+Bulgogi
534,병어구이,Grilled Pomfret,Salted pomfret grilled until golden.,[],구이 [Gui],1,https://via.placeholder.com/512?text=Grilled+Pomfret
535,보리굴비,Barley-aged Dried Yellow Croaker,Barley-aged dried croaker steamed lightly.,[],구이 [Gui],0,https://via.placeholder.com/512?text=Borigulbi
536,복불고기,Puffer Fish Bulgogi,Puffer fish stir-fried in spicy sauce with bean sprouts.,[],구이 [Gui],3,https://via.placeholder.com/512?text=Puffer+Bulgogi
537,북어구이,Grilled Dried Pollack,"Dried pollack softened, marinated, and grilled.",[],구이 [Gui],2,https://via.placeholder.com/512?text=Grilled+Pollack
538,불고기,Bulgogi,"Beef marinated in soy sauce, honey, garlic, sesame, grilled.",[],구이 [Gui],0,https://via.placeholder.com/512?text=Bulgogi
539,삼겹살,Grilled Pork Belly,Pork belly grilled and eaten with salt or ssamjang.,[],구이 [Gui],0,https://via.placeholder.com/512?text=Samgyeopsal
540,삼치구이,Grilled Spotted Mackerel,Spanish mackerel grilled or pan-fried.,[],구이 [Gui],0,https://via.placeholder.com/512?text=Grilled+Spanish+Mackerel
541,새우구이,Grilled Shrimp,Shrimp grilled with coarse salt.,[],구이 [Gui],0,https://via.placeholder.com/512?text=Grilled+Shrimp
542,생선구이,Grilled Fish,Various fish grilled with salt.,[],구이 [Gui],0,https://via.placeholder.com/512?text=Grilled+Fish
543,생선양념구이,Seasoned Grilled Fish,Fish grilled with gochujang glaze.,[],구이 [Gui],2,https://via.placeholder.com/512?text=Seasoned+Grilled+Fish
544,석쇠돼지불고기,Grilled Pork Bulgogi,Marinated pork grilled over fire.,[],구이 [Gui],1,https://via.placeholder.com/512?text=Fire+Pork+Bulgogi
545,소갈비구이,Grilled Beef Ribs,Beef short ribs marinated and grilled.,[],구이 [Gui],0,https://via.placeholder.com/512?text=Grilled+Beef+Ribs
546,소고기구이,Grilled Beef,Charcoal-grilled beef served with dipping sauce.,[],구이 [Gui],0,https://via.placeholder.com/512?text=Grilled+Beef
547,소고기편채,Sliced Beef with Vegetables,"Beef coated with rice powder, pan-fried, and wrapped with vegetables.",[],구이 [Gui],0,https://via.placeholder.com/512?text=Beef+Vegetable+Wrap
548,소곱창구이,Grilled Beef Small Intestine,Beef small intestines marinated and grilled.,[],구이 [Gui],1,https://via.placeholder.com/512?text=Grilled+Beef+Intestine
549,소시지떡꼬치,Sausage and Rice Cake Skewers,Skewered sausage and rice cake fried and coated with sauces.,[],구이 [Gui],1,https://via.placeholder.com/512?text=Sausage+Ricecake
550,솥뚜껑삼겹살,Caldron Lid-grilled Pork Belly,Pork belly grilled on cast-iron lid.,[],구이 [Gui],0,https://via.placeholder.com/512?text=Caldron+Pork+Belly
551,숯불닭갈비,Spicy Charcoal-grilled Chicken,Chicken marinated in gochujang and grilled over charcoal.,[],구이 [Gui],3,https://via.placeholder.com/512?text=Charcoal+Dakgalbi
552,숯불삼겹살,Charcoal-grilled Pork Belly,Pork belly grilled over charcoal for smoky flavor.,[],구이 [Gui],0,https://via.placeholder.com/512?text=Charcoal+Pork+Belly
553,양곱창구이,Grilled Beef Tripe,Sauced beef tripe grilled until chewy.,[],구이 [Gui],1,https://via.placeholder.com/512?text=Yang+Gopchang+Gui
554,양념갈비,Marinated Grilled Ribs,Beef or pork ribs marinated in soy or gochujang sauce.,[],구이 [Gui],1,https://via.placeholder.com/512?text=Seasoned+Ribs
555,양념장어구이,Grilled Seasoned Eel,Eel marinated in spicy gochujang sauce and grilled.,[],구이 [Gui],3,https://via.placeholder.com/512?text=Grilled+Eel
556,언양불고기,Eonyang Bulgogi,Marinated beef grilled and topped with sesame seeds.,[],구이 [Gui],0,https://via.placeholder.com/512?text=Eonyang+Bulgogi
557,오리구이,Grilled Duck,"Duck grilled with salt and pepper, served with dipping sauces.",[],구이 [Gui],0,https://via.placeholder.com/512?text=Grilled+Duck
558,오리로스,Grilled Duck,Lightly seasoned duck grilled and served with sauces.,[],구이 [Gui],0,https://via.placeholder.com/512?text=Ori+Roast
559,오리불고기,Duck Bulgogi,Duck marinated in spicy gochujang sauce and grilled.,[],구이 [Gui],3,https://via.placeholder.com/512?text=Duck+Bulgogi
560,오징어구이,Grilled Squid,Scored squid brushed with spicy sauce and grilled.,[],구이 [Gui],2,https://via.placeholder.com/512?text=Grilled+Squid
561,오징어불고기,Squid Bulgogi,"Scored squid cut into bite-sized pieces, mixed with a soy or gochujang (red chili paste) sauce, and grilled. Squid is a low-calorie food with high levels of taurine, making it ideal for weight loss and treating fatigue.",[]," \""고춧가루\""]""",2,https://via.placeholder.com/512?text=Squid+Bulgogi
562,옥돔구이,Grilled Red Tilefish,"Red tilefish butterflied, salted, half-dried, and pan-fried. Red tilefish soup boiled with brown seaweed and zucchini tastes just as great as the grilled version.",[]," \""참기름\""]""",0,https://via.placeholder.com/512?text=Tilefish+Gui
563,은어구이,Grilled Sweetfish,"Whole sweetfish drizzled with salt and grilled. A summer delicacy with a refreshing taste and fragrance similar to watermelon, sweetfish is in its prime every summer from July to September.",[]," \""소금\""]""",0,https://via.placeholder.com/512?text=Sweetfish+Gui
564,임연수구이,Grilled Greenling Fish,"Cleaned atka mackerel butterflied and grilled. The skin of atka mackerel tastes so good that there is an old saying that, once hooked, one will squander all his or her money to get more of the fish.",[]," \""소금\""]""",0,https://via.placeholder.com/512?text=Greenling+Gui
565,장어구이,Grilled Eel,"Cleaned eel are seasoned with salt, soy sauce, gochujang, and others to taste, and then grilled. Eel is rich in vitamins A, B, and C, which fight aging and keep the skin healthy and youthful.",[]," \""마늘\""]""",2,https://via.placeholder.com/512?text=Grilled+Eel
566,장작구이통닭,Wood-grilled Chicken,"Several whole chickens skewered on a long stick and wood-grilled while the skewer is rotated. Cooking the chicken over a fire makes the meat lean and juicy, as it allows all the fat to drain off.",[]," \""후추\""]""",0,https://via.placeholder.com/512?text=Wood+Grilled+Chicken
567,전복구이,Grilled Abalone,"Characterized by its chewy texture, abalone is a healthy food that is also high in protein and low in calories.Before serving this dish, brush the scored,charcoal-grilled abalone with oil.",[]," \""소금\""]""",0,https://via.placeholder.com/512?text=Grilled+Abalone
568,전어구이,Grilled Gizzard Shad,"Scored and salted gizzard shad cooked on a grill. Gizzard shads are best in fall, when they have a richer taste.",[]," \""소금\""]""",0,https://via.placeholder.com/512?text=Gizzard+Shad+Gui
569,조개구이,Grilled Clams,"For this dish, clams are soaked in salt water to purge the sand from them and carefully cleaned before beinggrilled and served with a vinegar-basedgochujang. These large clams are harvested from a clean beach and are very tasty.",[]," \""식초\""]""",1,https://via.placeholder.com/512?text=Grilled+Clams
570,조기구이,Pan-fried Yellow Corvina,"Yellow corvina scaled, gutted, finned, salted, and then pan-fried to a golden brown color. Its tender texture makes it an ideal meal for seniors and children.",[]," \""소금\""]""",0,https://via.placeholder.com/512?text=Yellow+Corvina
571,주꾸미삼겹살불고기,Webfoot Octopus and Pork Belly Bulgogi,"Jusam is an abbreviated word meaning ""webfoot octopus and pork belly."" This dish features webfoot octopus and pork belly marinated in a spicy and sweet gochujang (red chili paste) sauce and stir-fried with vegetables over a high heat. A similar dish is called ""Osambulgogi,"" which features squid instead of webfoot octopus.",[]," \""마늘\""]""",3,https://via.placeholder.com/512?text=Jusam+Bulgogi
572,차돌박이구이,Grilled Beef Brisket,"For this dish, lightly grill thinly sliced beef brisket on both sides on a preheated grill to avoid burning and eat as soon as the meat turns brown. It can be served with a dipping oil or leafy wraps and goes well with fresh kimchi made with seasonal vegetables.",[]," \""후추\""]""",0,https://via.placeholder.com/512?text=Beef+Brisket+Gui
573,코다리구이,Grilled Half-dried Pollack,"Half-dried pollack lightly pan-fried and brushed with a mixture of gochujang (red chili paste), red chili powder, chopped garlic, soy sauce, and sugar before grilling. Well-grilled half-dried pollack is garnished with chopped thread scallions.",[]," \""마늘\""]""",2,https://via.placeholder.com/512?text=Kodari+Gui
574,황태구이,Grilled Dried Pollack,"Winter air-driedpollack (hwangtae) filleted, deboned, and brushed with a gochujang and grilled.",[]," \""마늘\""]""",2,https://via.placeholder.com/512?text=Hwangtae+Gui
575,훈제삼겹살,Smoked Pork Belly,"A dish of smoked pork belly. Smoking the meat removes the meat smell. The dish has the unique flavor of smoked and lean meat, with the fat drained off.",[]," \""소금\""]""",0,https://via.placeholder.com/512?text=Smoked+Pork+Belly
576,훈제오리,Smoked Duck,Oak-smoked duck served with a mustard sauce and fresh vegetables.,[]," \""머스터드\""]""",0,https://via.placeholder.com/512?text=Smoked+Duck
577,LA갈비,Marinated Grilled Ribs,LA Beef Ribs are beef ribs with diagonally cut bones that protrude along the long edge. They are used mostly for grilled and braised dishes.,[]," \""참기름\""]""",1,https://via.placeholder.com/512?text=LA+Galbi
578,간장,Soy Sauce,Bricks of boiled and fermented soybean (meju) cured in brine yields a dark liquid. This liquid is brewed to make ganjang (soy sauce). Ganjang is a salty seasoning with a unique flavor.,[]," \""물\""]""",0,https://via.placeholder.com/512?text=Soy+Sauce
579,감식초,Persimmon Vinegar,Vinegar made by fermenting persimmons. It is used to make salads and sauces or drinks by adding it to water or milk and stirring.,[]," \""설탕\""]""",0,https://via.placeholder.com/512?text=Persimmon+Vinegar
580,고추장,Red Chili Paste,"A traditional condiment made of red chili powder, glutinous rice, powdered meju (a brick of dried and fermented boiled soybean), and salt and fermented in earthenware jars. It is bright red in color and very spicy.",[]," \""소금\""]""",4,https://via.placeholder.com/512?text=Gochujang
581,깻묵장,Sauce Made from Sesame Dregs and Boiled and Fermented Soybeans,"Sauce made from meju (bricks of boiled and fermented soybeans) and sesame dregs. It is darker, sweeter, and more savory than regular soy sauce.",[]," \""소금\""]""",0,https://via.placeholder.com/512?text=Kkaetmuk+Jang
582,담북장,Quick-fermented Soybean Paste,Paste made by fermenting boiled soybeans in a warm room and then roughly pounding them with salt and red chili powder.,[]," \""고춧가루\""]""",1,https://via.placeholder.com/512?text=Dambukjang
583,된장,Soybean Paste,"After fermenting mejuin brine to make soy sauce, the meju is removed from the soy sauce and fermented to make doenjang (soybean paste).",[]," \""물\""]""",0,https://via.placeholder.com/512?text=Doenjang
584,막장,Fermented Soybean Paste with Red Chili Powder,"Dried and fermented soybeans powdered and soaked in water, then mixed with salt and chili.",[]," \""소금\""]""",1,https://via.placeholder.com/512?text=Makjang
585,볶음고추장,Stir-fried Red Chili Paste,"Minced beef stir-fried with gochujang (red chili paste), honey or sugar, and chopped pine nuts.",[]," \""잣\""]""",2,https://via.placeholder.com/512?text=Fried+Gochujang
586,쌈장,Red Chili and Soybean Paste,"A sauce made by mixing doenjang and gochujang with garlic, green onion, sesame oil.",[]," \""참기름\""]""",1,https://via.placeholder.com/512?text=Ssamjang
587,양념간장,Spicy Soy Sauce,"Soy sauce mixed with green onion, garlic, sesame seeds, plum extract.",[]," \""참기름\""]""",0,https://via.placeholder.com/512?text=Seasoned+Soy+Sauce
588,어간장,Fish Soy Sauce,Soy sauce made by decomposing fish protein.,[]," \""물\""]""",0,https://via.placeholder.com/512?text=Fish+Soy+Sauce
589,집장,Seasoned Soybean Paste,Bricks of meju mixed with chili powder and glutinous rice.,[]," \""소금\""]""",1,https://via.placeholder.com/512?text=Jipjang
590,초간장,Vinegar Soy Sauce,Soy sauce mixed with vinegar.,[]," \""설탕\""]""",0,https://via.placeholder.com/512?text=Vinegar+Soy+Sauce
591,초고추장,Sweet and Sour Red Chili Paste,"Gochujang mixed with vinegar, garlic, and sugar.",[]," \""설탕\""]""",2,https://via.placeholder.com/512?text=Chogochujang
592,가죽장아찌,Pickled Red Toon Shoot,"Red toon leaves parboiled, dried, and layered with soy sauce mixture.",[]," \""시럽\""]""",1,https://via.placeholder.com/512?text=RedToon+Pickle
593,간장게장,Soy Sauce Marinated Crab,Fresh crabs pickled in soy sauce brine.,[]," \""생강\""]""",0,https://via.placeholder.com/512?text=Ganjang+Gejang
594,고추장아찌,Pickled Chili Peppers,Green chili peppers brined and fermented.,[]," \""고추장\""]""",2,https://via.placeholder.com/512?text=Chili+Pickle
595,김장아찌,Pickled Laver,Laver flakes fermented in broth seasoned with soy sauce.,[]," \""고춧가루\""]""",1,https://via.placeholder.com/512?text=Laver+Pickle
596,깻잎지,Pickled Perilla Leaf ,Perilla leaves layered with soy sauce marinade.,[]," \""고춧가루\""]""",1,https://via.placeholder.com/512?text=Perilla+Pickle
597,노각장아찌,Pickled Yellow Cucumber,"Salted, sun-dried cucumber fermented with rice-wine cake.",[]," \""식초\""]""",0,https://via.placeholder.com/512?text=Yellow+Cucumber+Pickle
598,더덕장아찌,Pickled Deodeok,Deodeok aged in gochujang.,[]," \""참기름\""]""",1,https://via.placeholder.com/512?text=Deodeok+Pickle
599,두릅장아찌,Pickled Fastia Shoot,Fatsia shoots parboiled and pickled.,[]," \""식초\""]""",0,https://via.placeholder.com/512?text=Durup+Pickle
600,마늘장아찌,Pickled Garlic ,"Garlic fermented in vinegar, sugar, or soy sauce.",[]," \""간장\""]""",0,https://via.placeholder.com/512?text=Garlic+Pickle
601,마늘종장아찌,Pickled Garlic Stem,Garlic stems salted and preserved in soy sauce.,[]," \""식초\""]""",0,https://via.placeholder.com/512?text=GarlicStem+Pickle
602,매실장아찌,Pickled Green Plum ,"Green plums layered with sugar and fermented.""",[]," \""설탕\""]""",0,https://via.placeholder.com/512?text=Plum+Pickle
603,명이나물장아찌,Pickled Victory Onion,Victory onion fermented in decocted soy sauce.,[]," \""식초\""]""",0,https://via.placeholder.com/512?text=VictoryOnion+Pickle
604,무말랭이장아찌,Pickled Dried Radish,Dried radish marinated with chili powder and anchovy sauce.,[]," \""마늘\""]""",2,https://via.placeholder.com/512?text=DriedRadish+Pickle
605,무장아찌,Pickled Radish ,"Radish fermented in gochujang or doenjang.""",[]," \""된장\""]""",1,https://via.placeholder.com/512?text=Radish+Pickle
606,버섯장아찌,Pickled Mushrooms,Mushrooms lightly steamed and pickled in soy-vinegar syrup.,[]," \""설탕\""]""",0,https://via.placeholder.com/512?text=Mushroom+Pickle
607,새우장,Soy Sauce Marinated Shrimp,Raw shrimp marinated in soy sauce.,[]," \""생강\""]""",0,https://via.placeholder.com/512?text=Shrimp+Soy+Pickle
608,양념게장,Spicy Marinated Crab,Fresh crab mixed with chili powder and seasonings.,[]," \""고추장\""]""",3,https://via.placeholder.com/512?text=Spicy+Gejang
609,양파장아찌,Pickled Onion,Onions preserved in sweet and sour decocted soy sauce.,[]," \""설탕\""]""",0,https://via.placeholder.com/512?text=Onion+Pickle
610,오이지,Pickled Cucumber,Cucumber preserved in brine. A popular side dish in summer.,[]," \""식초\""]""",0,https://via.placeholder.com/512?text=Oiji
611,장아찌,Pickled Vegetables,"Radish, cucumber, garlic, garlic stems, perilla leaves, and other vegetables pickled and aged in soy sauce, soy bean paste, or red chili paste. Preserved and enjoyed throughout the year.",[]," \""된장\""]""",0,https://via.placeholder.com/512?text=Pickled+Vegetables
612,죽순장아찌,Pickled Bamboo Shoot,"Bamboo shoots boiled in rice water, peeled, washed, drained, and pickled repeatedly in simmered soy sauce.",[]," \""설탕\""]""",0,https://via.placeholder.com/512?text=Bamboo+Shoot+Pickle
613,참외장아찌,Pickled Oriental Melons,"Unripe oriental melons pickled and aged in brine, then chopped and flavored with sesame oil and sugar.",[]," \""설탕\""]""",0,https://via.placeholder.com/512?text=Oriental+Melon+Pickle
614,콩잎장아찌,Pickled Bean Leaf,"Bean leaves cured in brine, fermented in soybean paste, and seasoned.",[]," \""마늘\""]""",0,https://via.placeholder.com/512?text=Bean+Leaf+Pickle
615,가자미전,Pan-fried Battered Plaice,"Flounder fillets seasoned, egg-battered, and pan-fried.",[]," \""후추\""]""",0,https://via.placeholder.com/512?text=Plaice+Jeon
616,감자전,Potato Pancake,Grated potato mixed with seasoning and fried.,[]," \""식용유\""]""",0,https://via.placeholder.com/512?text=Potato+Jeon
617,계란말이,Rolled Omelet,Eggs mixed with vegetables and rolled.,[]," \""양파\""]""",0,https://via.placeholder.com/512?text=Egg+Roll
618,고구마튀김,Deep-fried Sweet Potatoes,Sweet potatoes battered and deep-fried.,[]," \""식용유\""]""",0,https://via.placeholder.com/512?text=Sweet+Potato+Fries
619,고추부각,Chili Pepper Chips,"Green peppers coated with rice paste, dried, and fried.",[]," \""식용유\""]""",1,https://via.placeholder.com/512?text=Chili+Chips
620,고추전,Pan-fried Battered Chili Pepper ,"Stuffed green peppers, egg-battered and pan-fried.",[]," \""밀가루\""]""",2,https://via.placeholder.com/512?text=Chili+Jeon
621,굴전,Pan-fried Battered Oyster,"Flour-coated, egg-battered oysters pan-fried.",[]," \""달걀\""]""",0,https://via.placeholder.com/512?text=Oyster+Jeon
622,김말이튀김,Deep-fried Laver Roll,Noodles wrapped in laver and fried.,[]," \""튀김가루\""]""",0,https://via.placeholder.com/512?text=Laver+Roll
623,김부각,Laver Chips,"Laver brushed with sweet rice paste, dried, and fried.",[]," \""참깨\""]""",0,https://via.placeholder.com/512?text=Laver+Chips
624,김치빈대떡,Kimchi and Mung Bean Pancake,Mung bean batter with kimchi and meat pan-fried.,[]," \""양파\""]""",1,https://via.placeholder.com/512?text=Kimchi+Nokdujeon
625,김치전,Kimchi Pancake,Kimchi mixed into batter and pan-fried.,[]," \""대파\""]""",1,https://via.placeholder.com/512?text=Kimchi+Jeon
626,깻잎전,Pan-fried Battered Perilla Leaves,Stuffed perilla leaves egg-battered and pan-fried.,[]," \""밀가루\""]""",0,https://via.placeholder.com/512?text=Perilla+Jeon
627,꼬막전,Pan-fried Battered Cockles,Cockles mixed with egg and flour and pan-fried.,[]," \""대파\""]""",0,https://via.placeholder.com/512?text=Cockle+Jeon
628,녹두전,Mung Bean Pancake,Ground mung beans with meat and vegetables fried.,[]," \""양파\""]""",0,https://via.placeholder.com/512?text=Nokdujeon
629,다시마부각,Kelp Chips,"Kelp brushed with rice paste, dried, and fried.",[]," \""식용유\""]""",0,https://via.placeholder.com/512?text=Kelp+Chips
630,단군신화전,Pan-fried Battered Kimchi Roll with Garlic and Beef,"Cabbage wraps filled, battered, and pan-fried.",[]," \""밀가루\""]""",0,https://via.placeholder.com/512?text=Dangun+Jeon
631,단호박튀김,Deep-fried Pumpkin,Sweet pumpkin battered and fried.,[]," \""튀김가루\""]""",0,https://via.placeholder.com/512?text=Pumpkin+Fries
632,달래전,Wild Rocambole Pancake,Wild rocambole mixed in batter and pan-fried.,[]," \""달걀\""]""",1,https://via.placeholder.com/512?text=Wild+Rocambole+Jeon
633,동그랑땡,Meat Fritters,Ground meat with vegetables shaped and fried.,[]," \""밀가루\""]""",0,https://via.placeholder.com/512?text=Donggeurangttaeng
634,동태전,Pan-fried Battered Pollack Fillet,Seasoned pollack fillets egg-battered and fried.,[]," \""소금\""]""",0,https://via.placeholder.com/512?text=Pollack+Jeon
635,두부전,Pan-fried Battered Bean Curd ,Bean curd sliced and pan-fried.,[]," \""달걀\""]""",0,https://via.placeholder.com/512?text=Tofu+Jeon
636,떡튀김,Deep-fried Rice Cake,Rice cake pieces deep-fried.,[]," \""식용유\""]""",0,https://via.placeholder.com/512?text=Fried+Tteok
637,만두튀김,Deep-fried Dumplings,Meat and vegetable dumplings fried.,[]," \""식용유\""]""",0,https://via.placeholder.com/512?text=Fried+Dumpling
638,메밀장떡,Buckwheat Pancake,Buckwheat batter mixed with chili paste and fried.,[]," \""물\""]""",1,https://via.placeholder.com/512?text=Buckwheat+Jeon
639,메밀전병,Buckwheat Crepe,Buckwheat crepe filled with radish and meat.,[]," \""양배추\""]""",0,https://via.placeholder.com/512?text=Buckwheat+Crepe
640,모둠전,Assorted Savory Pancakes,"Assorted meats, fish, and vegetables pan-fried.",[]," \""달걀\""]""",0,https://via.placeholder.com/512?text=Assorted+Jeon
641,미꾸라지튀김,Deep-fried Loach,Loach battered and deep-fried.,[]," \""달걀\""]""",0,https://via.placeholder.com/512?text=Loach+Fries
642,미나리전,Water Parsley Pancake,Water parsley mixed into batter and fried.,[]," \""달걀\""]""",0,https://via.placeholder.com/512?text=Water+Parsley+Jeon
643,배추전,Cabbage Pancake,Cabbage in batter pan-fried.,[]," \""소금\""]""",0,https://via.placeholder.com/512?text=Cabbage+Jeon
644,버섯전,Pan-fried Battered Mushrooms,Mushrooms egg-battered and pan-fried.,[]," \""달걀\""]""",0,https://via.placeholder.com/512?text=Mushroom+Jeon
645,복튀김,Deep-fried Puffer Fish,Puffer fish battered and fried.,[]," \""달걀\""]""",0,https://via.placeholder.com/512?text=Puffer+Fish+Fries
646,봄나물전,Spring Vegetable Pancake,Spring vegetables in batter fried.,[]," \""물\""]""",0,https://via.placeholder.com/512?text=Spring+Greens+Jeon
647,부각,Vegetable and Seaweed Chips,Various vegetables coated with rice paste and fried.,[]," \""찹쌀풀\""]""",0,https://via.placeholder.com/512?text=Bugak
648,부추전,Chive Pancake,Chive batter pan-fried.,[]," \""청양고추\""]""",1,https://via.placeholder.com/512?text=Chive+Jeon
649,빈대떡,Mung Bean Pancake,Classic mung bean pancake with vegetables.,[]," \""양파\""]""",0,https://via.placeholder.com/512?text=Bindatteok
650,빙떡,Buckwheat Crepe Stuffed with Radish,Buckwheat crepe with seasoned radish.,[]," \""소금\""]""",0,https://via.placeholder.com/512?text=Bingtteok
651,빙어튀김,Deep-fried Smelt,Smelt fish battered and deep-fried.,[]," \""식용유\""]""",0,https://via.placeholder.com/512?text=Smelt+Fries
652,산천어튀김,Deep-fried Masu Salmon,Masu salmon battered and fried.,[]," \""달걀\""]""",0,https://via.placeholder.com/512?text=MasuSalmon+Fries
653,삼색전,Tricolor Skewers,Three-color skewers pan-fried.,[]," \""쇠고기\""]""",0,https://via.placeholder.com/512?text=Tricolor+Jeon
654,새우튀김,Deep-fried Shrimp,Shrimp breaded and fried.,[]," \""빵가루\""]""",0,https://via.placeholder.com/512?text=Shrimp+Tempura
655,생선전,Pan-fried Battered Fish-fillets,Fish fillets battered and pan-fried.,[]," \""달걀\""]""",0,https://via.placeholder.com/512?text=Fish+Jeon
656,수수부꾸미,Pan-fried Millet Rice Cake,Millet dough fried and filled with red beans.,[]," \""팥소\""]""",0,https://via.placeholder.com/512?text=Millet+Cake
657,애호박전,Pan-fried Battered Zuccinni,Zucchini slices battered and fried.,[]," \""달걀\""]""",0,https://via.placeholder.com/512?text=Zucchini+Jeon
658,야채튀김,Deep-fried Vegetables,Julienned vegetables battered and fried.,[]," \""깻잎\""]""",0,https://via.placeholder.com/512?text=Veg+Tempura
659,연근전,Pan-fried Battered Lotus Roots,Lotus root slices battered and fried.,[]," \""달걀\""]""",0,https://via.placeholder.com/512?text=Lotus+Jeon
660,오징어튀김,Deep-fried Squid,Squid battered and fried.,[]," \""식용유\""]""",0,https://via.placeholder.com/512?text=Squid+Tempura
661,육전,Pan-fried Battered Beef,Beef slices battered and pan-fried.,[]," \""달걀\""]""",0,https://via.placeholder.com/512?text=Beef+Jeon
662,장떡,Chili Pepper Paste and Vegetable Pancake,Gochujang-seasoned batter fried.,[]," \""부추\""]""",2,https://via.placeholder.com/512?text=Jangtteok
663,추어튀김,Deep-fried Loach,Loach battered with eggs and starch.,[]," \""전분\""]""",1,https://via.placeholder.com/512?text=Fried+Loach
664,파래전,Green Laver Pancake,Green laver batter pan-fried.,[]," \""달걀\""]""",0,https://via.placeholder.com/512?text=GreenLaver+Jeon
665,파전,Green Onion Pancake,Green onion in batter pan-fried.,[]," \""계란\""]""",0,https://via.placeholder.com/512?text=Pajeon
666,해물부추전,Seafood and Chive Pancake,Seafood and chive pancake.,[]," \""밀가루\""]""",1,https://via.placeholder.com/512?text=Seafood+Chive+Jeon
667,해물파전,Seafood and Green Onion Pancake,Green onion and seafood pan-fried.,[]," \""굴\""]""",1,https://via.placeholder.com/512?text=Seafood+Pajeon
668,호박전,Pan-fried Battered Zucchini ,Zucchini battered and fried.,[]," \""달걀\""]""",0,https://via.placeholder.com/512?text=Hobak+Jeon
669,가자미식해,Salted and Fermented Flounder,"Flounder fermented with malt, grains, and chili.",[]," \""고춧가루\""]""",2,https://via.placeholder.com/512?text=Flounder+Sikhae
670,갈치젓,Salted Cutlassfish,Cutlassfish cured in salt.,[]," \""소금\""]""",0,https://via.placeholder.com/512?text=Cutlassfish+Jeot
671,꼴뚜기젓,Salted Beka Squid,Salted beka squid.,[]," \""고춧가루\""]""",2,https://via.placeholder.com/512?text=BekaSquid+Jeot
672,낙지젓,Salted Octopus,Salted octopus with chewy texture.,[]," \""소금\""]""",0,https://via.placeholder.com/512?text=Octopus+Jeot
673,멸치젓,Salted Anchovies,Salted and fermented anchovies.,[]," \""소금\""]""",0,https://via.placeholder.com/512?text=Anchovy+Jeot
674,명란젓,Salted Pollack Roe,Salted pollack roe mixed with sesame oil and green onion.,[]," \""참기름\""]""",1,https://via.placeholder.com/512?text=Pollack+Roe
675,명태식해,Salted and Fermented Pollack,Pollack fermented with grains and chili.,[]," \""고춧가루\""]""",2,https://via.placeholder.com/512?text=Pollack+Sikhae
676,새우젓,Salted Shrimp,Salted small shrimp used widely for seasoning.,[]," \""소금\""]""",0,https://via.placeholder.com/512?text=Shrimp+Jeot
677,어리굴젓,Spicy Salted Oysters,Fresh oysters salted and mixed with chili.,[]," \""고춧가루\""]""",2,https://via.placeholder.com/512?text=Oyster+Jeot
678,연어장,Soy Sauce-marinated Salmon,Raw salmon marinated in soy-based brine.,[]," \""파\""]""",0,https://via.placeholder.com/512?text=Salmon+Jang
679,오징어젓,Salted Squid,Sliced squid cured in salt.,[]," \""소금\""]""",0,https://via.placeholder.com/512?text=Squid+Jeot
680,전복장,Soy Sauce-marinated Abalone,Abalones braised in soy sauce mixture.,[]," \""생강\""]""",0,https://via.placeholder.com/512?text=Abalone+Jang
681,젓갈,Salted Seafood,"Jeotgal refers to salted and fermented meat, roe, or entrails of fish and shellfish. The three most popular jeotgal dishes in Korea are: myeongranjeot (pollackroe cured in salt with care taken not to puncture the sacks), ojingeojeot (sliced squidcured in salt and seasoned in hot spices), and guljeot (salted and seasoned fresh oysters).",[]," \""소금\""]""",1,https://via.placeholder.com/512?text=Jeotgal
682,조개젓,Salted Clam Meat,"Shucked clams washed in salt water, drained, and cured in salt in an earthen pot for two weeks. The fermented clam meat is mixed with minced green pepper, red chili powder, chopped green onion and garlic, and sesame seeds.",[]," \""고춧가루\""]""",2,https://via.placeholder.com/512?text=Clam+Jeot
683,황석어젓,Salted Small Yellow Croaker,"Yellow croaker cured in salt. Well-fermented yellow croaker is often mixed with chopped green onion and garlic and red chili powder and served as a side dish or used in making kimchi.""",[]," \""고춧가루\""]""",1,https://via.placeholder.com/512?text=Yellow+Croaker+Jeot
684,강어회,Sliced Raw Leather Carp,"Also referred to as hyangeohoe, leather carp is a freshwater fish known for its firm flesh and lack of fishy smell.",[]," \""깻잎\""]""",0,https://via.placeholder.com/512?text=Leather+Carp+Hoe
685,과메기,Half-dried Saury,Saury half-dried by repeated freezing and thawing.,[]," \""초장\""]""",1,https://via.placeholder.com/512?text=Gwamegi
686,광어회,Sliced Raw Flatfish,Thinly-sliced flatfish served with vinegar gochujang.,[]," \""초장\""]""",0,https://via.placeholder.com/512?text=Flatfish+Hoe
687,두부삼합,"Bean Curd, Pork, and Aged KimchiCombo","Soft tofu, boiled pork, and aged kimchi.",[]," \""묵은지\""]""",0,https://via.placeholder.com/512?text=Tufu+Combo
688,멸치회,Sliced Raw Anchovy,Raw anchovies headed and gutted.,[]," \""초장\""]""",0,https://via.placeholder.com/512?text=Anchovy+Hoe
689,모둠회,Assorted Sliced Raw Fish,A platter of assorted sliced raw fish.,[]," \""참돔\""]""",0,https://via.placeholder.com/512?text=Assorted+Hoe
690,문어삼합,"Octopus, Skate, and Pork Combo","Parboiled octopus, fermented skate, and boiled pork.",[]," \""돼지고기\""]""",1,https://via.placeholder.com/512?text=Octopus+Combo
691,문어숙회,Parboiled Octopus,"Giant Pacific octopus parboiled and sliced.""",[]," \""참기름소금\""]""",0,https://via.placeholder.com/512?text=Boiled+Octopus
692,물회,Cold Raw Fish Soup,"Raw fish, vegetables, and spicy cold broth.",[]," \""고추장\""]""",2,https://via.placeholder.com/512?text=Mulhoe
693,민어회,Sliced Raw Croaker,Croaker sliced thinly.,[]," \""초장\""]""",0,https://via.placeholder.com/512?text=Croaker+Hoe
694,산낙지,Live Octopus,Live octopus cut and eaten raw.,[]," \""초장\""]""",0,https://via.placeholder.com/512?text=Live+Octopus
695,생선회,Sliced Raw Fish,Sliced raw fish dipped in sauce.,[]," \""쌈채소\""]""",0,https://via.placeholder.com/512?text=Raw+Fish
696,송어회,Sliced Raw Trout,Fresh trout sliced and served with condiments.,[]," \""고추냉이\""]""",0,https://via.placeholder.com/512?text=Trout+Hoe
697,오징어물회,Cold Raw Squid Soup,Cold squid soup with vegetables.,[]," \""냉국\""]""",2,https://via.placeholder.com/512?text=Squid+Mulhoe
698,오징어숙회,Parboiled Squid,Parboiled squid with dipping sauce.,[]," \""초장\""]""",0,https://via.placeholder.com/512?text=Boiled+Squid
699,육회,Beef Tartare,Raw beef seasoned and mixed with pear.,[]," \""계란노른자\""]""",1,https://via.placeholder.com/512?text=Yukhoe
700,자리물회,Cold Raw Pearl-spot Chromis Soup,Raw fish mixed in cold doenjang broth.,[]," \""오이\""]""",1,https://via.placeholder.com/512?text=Jari+Mulhoe
701,전복물회,Cold Abalone Soup,Abalone mixed with vegetables in cold broth.,[]," \""냉국\""]""",1,https://via.placeholder.com/512?text=Abalone+Mulhoe
702,전어무침,Gizzard Shad Salad,Sliced gizzard shad mixed with spicy sauce.,[]," \""채소\""]""",2,https://via.placeholder.com/512?text=Gizzard+Shad+Salad
703,전어회,Sliced Raw Gizzard Shad,Raw gizzard shad with dipping sauce.,[]," \""초장\""]""",0,https://via.placeholder.com/512?text=Gizzard+Shad+Hoe
704,한치물회,Cold Raw Swordtip Squid Soup,Sweet-and-sour cold squid soup.,[]," \""냉국\""]""",1,https://via.placeholder.com/512?text=Squid+Mulhoe
705,한치회무침,Sliced Raw Swordtip Squid Salad,Raw squid tossed with vegetables.,[]," \""고추장\""]""",2,https://via.placeholder.com/512?text=Squid+Salad
706,홍어회무침,Sliced Raw Skate Salad,Fermented skate mixed with spicy vinegar sauce.,[]," \""미나리\""]""",3,https://via.placeholder.com/512?text=Skate+Salad
707,회무침,Spicy Raw Fish Salad ,Raw fish mixed with spicy vegetables.,[]," \""양배추\""]""",2,https://via.placeholder.com/512?text=Spicy+Hoe
708,갓김치,Leaf Mustard Kimchi,Kimchi with leaf mustard.,[]," \""액젓\""]""",2,https://via.placeholder.com/512?text=Gatkimchi
709,겉절이,Fresh Kimchi,Freshly mixed kimchi.,[]," \""참기름\""]""",1,https://via.placeholder.com/512?text=Fresh+Kimchi
710,고들빼기김치,Bitter Lettuce Kimchi,Kimchi with bitter lettuce.,[]," \""마늘\""]""",2,https://via.placeholder.com/512?text=Bitter+Lettuce+Kimchi
711,깍두기,Diced Radish Kimchi,Cubed radish kimchi.,[]," \""새우젓\""]""",1,https://via.placeholder.com/512?text=Kkakdugi
712,깻잎김치,Perilla Leaf Kimchi,Fermented perilla leaf kimchi.,[]," \""고춧가루\""]""",1,https://via.placeholder.com/512?text=Perilla+Kimchi
713,나박김치,Water Kimchi ,Mild radish water kimchi.,[]," \""수정과\""]""",0,https://via.placeholder.com/512?text=Water+Kimchi
714,돌나물물김치,Stringy Stonecrop Water Kimchi,Stonecrop vegetable water kimchi.,[]," \""고춧가루\""]""",1,https://via.placeholder.com/512?text=Stonecrop+Kimchi
715,돌미나리물김치,Wild Parsley Water Kimchi,Water kimchi with wild parsley.,[]," \""파\""]""",1,https://via.placeholder.com/512?text=Parsley+Kimchi
716,동치미,Radish Water Kimchi,Winter radish water kimchi.,[]," \""마늘\""]""",0,https://via.placeholder.com/512?text=Dongchimi
717,배추겉절이,Fresh Cabbage Kimchi,Freshly mixed cabbage kimchi.,[]," \""고춧가루\""]""",1,https://via.placeholder.com/512?text=Cabbage+Geotjeori
718,배추김치,Kimchi(Baechukimchi),Traditional cabbage kimchi.,[]," \""젓갈\""]""",2,https://via.placeholder.com/512?text=Baechu+Kimchi
719,백김치,White Kimchi,Non-spicy white kimchi.,[]," \""밤\""]""",0,https://via.placeholder.com/512?text=White+Kimchi
720,보쌈김치,Wrapped Kimchi,Kimchi wrapped in full leaves with seafood.,[]," \""전복\""]""",1,https://via.placeholder.com/512?text=Bossam+Kimchi
721,봄동겉절이,Fresh Winter Cabbage Kimchi,Fresh kimchi with winter cabbage.,[]," \""참기름\""]""",1,https://via.placeholder.com/512?text=Spring+Cabbage+Kimchi
722,부추김치,Chive Kimchi,Chive kimchi with anchovy sauce.,[]," \""고춧가루\""]""",1,https://via.placeholder.com/512?text=Chive+Kimchi
723,섞박지,Radish and Cabbage Kimchi,Kimchi of radish and cabbage.,[]," \""갓\""]""",2,https://via.placeholder.com/512?text=Mixed+Kimchi
724,열무김치,Young Summer Radish Kimchi,Young radish kimchi.,[]," \""새우젓\""]""",1,https://via.placeholder.com/512?text=Yeolmu+Kimchi
725,열무얼갈이김치,Young Summer Radish and Winter Cabbage Kimchi,Mix of young radish and winter cabbage.,[]," \""고춧가루\""]""",1,https://via.placeholder.com/512?text=Yeolmu+Eolgari+Kimchi
726,오이소박이,Cucumber Kimchi,Stuffed cucumber kimchi.,[]," \""마늘\""]""",1,https://via.placeholder.com/512?text=Oi+Sobagi
727,총각김치,Whole Radish Kimchi ,Whole small radish kimchi.,[]," \""새우젓\""]""",2,https://via.placeholder.com/512?text=Chonggak+Kimchi
728,파김치,Green Onion Kimchi,Kimchi with green onions.,[]," \""액젓\""]""",2,https://via.placeholder.com/512?text=Pa+Kimchi
729,포기김치,Kimchi(Pogikimchi),Whole-head cabbage kimchi.,[]," \""젓갈\""]""",2,https://via.placeholder.com/512?text=Pogi+Kimchi
730,갈비만두,Pork Rib Dumpling,Steamed dumplings with pork rib filling.,[]," \""간장\""]""",0,https://via.placeholder.com/512?text=Galbi+Mandu
731,고기만두,Meat Dumpling,"Thinly rolled flour dough folded and filled with ground meat and vegetables. There are many kinds of dumplings made using different fillings, dumpling skins, and cooking methods. Meat dumpling is a dumpling with a filling of beef or pork mixed with vegetables.",[],만두 [Mandu],0,https://via.placeholder.com/512?text=Meat+Dumpling
732,군만두,Pan-fried Dumpling,Dumpling fried in an oiled pan. This is a crispy version of basic dumplings.,[],만두 [Mandu],0,https://via.placeholder.com/512?text=Gun+Mandu
733,김치만두,Kimchi Dumpling,"Kimchi dumplings are stuffed with a filling of chopped kimchi, bean curd, and vegetables. They are the most popular type of dumpling among Koreans.",[],만두 [Mandu],1,https://via.placeholder.com/512?text=Kimchi+Mandu
734,꿩만둣국,Pheasant Dumpling Soup,Dumplings stuffed with pheasant meat and boiled in broth.,[],만두 [Mandu],0,https://via.placeholder.com/512?text=Pheasant+Soup
735,떡만둣국,Sliced Rice Cake and DumplingSoup,"Mandu (dumplings) and slices oflong, cylinder-shaped rice cake (garaetteok) boiled in meat broth.",[],만두 [Mandu],0,https://via.placeholder.com/512?text=Tteok+Mandu+Soup
736,만두,Dumplings,Korean dumplings made of thinly rolled flour dough folded with a filling of ground meat and vegetables.,[],만두 [Mandu],0,https://via.placeholder.com/512?text=Mandu
737,만둣국,Dumpling Soup,Minced meat and vegetables wrapped in dough and boiled in broth.,[],만두 [Mandu],0,https://via.placeholder.com/512?text=Mandu+Soup
738,물만두,Boiled Dumpling,Boiled dumpling stuffed with ground pork and chives.,[],만두 [Mandu],0,https://via.placeholder.com/512?text=Mul+Mandu
739,송어만두,Trout Dumpling,Dumplings filled with minced trout and vegetables.,[],만두 [Mandu],0,https://via.placeholder.com/512?text=Trout+Mandu
740,왕만두,Jumbo Sized Dumpling,"Jumbo-sized dumpling filled with meat, sprouts, and bean curd.",[],만두 [Mandu],0,https://via.placeholder.com/512?text=Wang+Mandu
741,채만두,Buckwheat Dumpling,Dumpling with gatkimchi and dried vegetables wrapped in buckwheat wrappers.,[],만두 [Mandu],0,https://via.placeholder.com/512?text=Buckwheat+Mandu
742,가래떡,Rice Cake Stick,Cylindrical rice cake used for tteokguk.,[],떡 [Tteok],0,https://via.placeholder.com/512?text=Garaetteok
743,감자떡,Potato Cake,Grated potatoes and starch steamed.,[],떡 [Tteok],0,https://via.placeholder.com/512?text=Potato+Tteok
744,경단,Sweet Rice Balls,Boiled sweet rice balls coated in gomul.,[],떡 [Tteok],0,https://via.placeholder.com/512?text=Gyeongdan
745,깨경단,Sesame Sweet Rice Balls,Sweet rice balls coated in sesame or soybean powder.,[],떡 [Tteok],0,https://via.placeholder.com/512?text=Sesame+Rice+Ball
746,꿀떡,Honey-filled Rice Cake,Sweet rice dough filled with honey.,[],떡 [Tteok],0,https://via.placeholder.com/512?text=Honey+Tteok
747,녹두시루떡,Mung Bean Steamed Rice Cake,Layered steamed rice cake with mung bean.,[],떡 [Tteok],0,https://via.placeholder.com/512?text=Mungbean+Tteok
748,무지개떡,Rainbow Rice Cake,Layered colored steamed rice cake.,[],떡 [Tteok],0,https://via.placeholder.com/512?text=Rainbow+Tteok
749,백설기,Snow White Rice Cake,Plain steamed rice cake.,[],떡 [Tteok],0,https://via.placeholder.com/512?text=Baekseolgi
750,송편,Half-moon Rice Cake,Half-moon-shaped rice cake filled with sesame or beans.,[],떡 [Tteok],0,https://via.placeholder.com/512?text=Songpyeon
751,수수팥떡,Red-bean-coated Millet Rice Cake,Sorghum balls coated with red bean powder.,[],떡 [Tteok],0,https://via.placeholder.com/512?text=Susu+Tteok
752,시루떡,Steamed Rice Cake,Rice powder steamed with beans or dried vegetables.,[],떡 [Tteok],0,https://via.placeholder.com/512?text=Siru+Tteok
753,쑥떡,Mugwort Rice Cake,Rice cake flavored with mugwort.,[],떡 [Tteok],0,https://via.placeholder.com/512?text=Ssuk+Tteok
754,씨앗호떡,Korean Pancake with Seed and Sugar,Dough filled with brown sugar and nuts.,[],떡 [Tteok],0,https://via.placeholder.com/512?text=Seed+Hotteok
755,약식,Sweet Rice with Nuts,Steamed sweet rice with chestnuts and jujubes.,[],떡 [Tteok],0,https://via.placeholder.com/512?text=Yaksik
756,인절미,Bean-powder-coated Rice Cake,Pounded glutinous rice coated in soybean powder.,[],떡 [Tteok],0,https://via.placeholder.com/512?text=Injeolmi
757,절편,Patterned Rice Cake,Pressed rice cake made from rice powder.,[],떡 [Tteok],0,https://via.placeholder.com/512?text=Jeolpyeon
758,조랭이떡,Snowman-shaped Rice Cake,Small cocoon-shaped rice cakes.,[],떡 [Tteok],0,https://via.placeholder.com/512?text=Joraengi+Tteok
759,증편,Raised Rice Cake,Rice cake fermented with rice wine.,[],떡 [Tteok],0,https://via.placeholder.com/512?text=Jeungpyeon
760,찹쌀떡,Sweet Rice Cake with Red Bean Filling,Glutinous rice cake filled with red beans.,[],떡 [Tteok],0,https://via.placeholder.com/512?text=Chapssal+Tteok
761,호떡,Syrup-filled Pancake,Dough filled with brown sugar and cinnamon.,[],떡 [Tteok],0,https://via.placeholder.com/512?text=Hotteok
762,화전,Pan-fried Flower Rice Cake,Rice cake decorated with flowers.,[],떡 [Tteok],0,https://via.placeholder.com/512?text=Hwajeon
763,감말랭이,Dried Persimmon,Dried sliced persimmons.,[],한과 [Hangwa],0,https://via.placeholder.com/512?text=Gammallaengi
764,강정,Sweet Rice Puffs,Puffed grains mixed with syrup.,[],한과 [Hangwa],0,https://via.placeholder.com/512?text=Gangjeong
765,곶감,Dried Whole Persimmon,Whole dried persimmon.,[],한과 [Hangwa],0,https://via.placeholder.com/512?text=Gotgam
766,다식,Tea Confectionery,Pressed sweets made with powders and honey.,[],한과 [Hangwa],0,https://via.placeholder.com/512?text=Dasik
767,도라지정과,Braised Bellflower Root in Sweet Sauce,Bellflower root simmered in syrup.,[],한과 [Hangwa],0,https://via.placeholder.com/512?text=Bellflower+Jeonggwa
768,매작과,Fried Twist,Deep-fried dough ribbons coated in syrup.,[],한과 [Hangwa],0,https://via.placeholder.com/512?text=Maejakgwa
769,붕어빵,Fish-shaped Bread,Batter baked with red bean filling.,[],한과 [Hangwa],0,https://via.placeholder.com/512?text=Bungeoppang
770,뻥튀기,Puffed Grain,"Rice, potato, or corn puffed at high pressure.",[],한과 [Hangwa],0,https://via.placeholder.com/512?text=Ppeongtwigi
771,산자,Fried Rice Squares,Deep-fried glutinous rice coated with syrup.,[],한과 [Hangwa],0,https://via.placeholder.com/512?text=Sanja
772,송화다식,Pine Flower Powder Tea Confectionery,Pine pollen mixed with honey.,[],한과 [Hangwa],0,https://via.placeholder.com/512?text=Pine+Dasik
773,수삼정과,Braised Ginseng in Sweet Sauce,Fresh ginseng preserved in syrup.,[],한과 [Hangwa],0,https://via.placeholder.com/512?text=Ginseng+Jeonggwa
774,약과,Honey Cookie,Fried honey cookies coated in syrup.,[],한과 [Hangwa],0,https://via.placeholder.com/512?text=Yakgwa
775,양갱,Sweet Red Bean Jelly,Red bean jelly made with agar.,[],한과 [Hangwa],0,https://via.placeholder.com/512?text=Yanggeng
776,율란,Chestnut Balls,Mashed chestnuts mixed with honey.,[],한과 [Hangwa],0,https://via.placeholder.com/512?text=Yullan
777,찹쌀꽈배기,Twisted Sweet Rice Doughnut,Glutinous rice dough twisted and fried.,[],한과 [Hangwa],0,https://via.placeholder.com/512?text=Twisted+Donut
778,호두과자,Walnut Cake,Walnut-filled baked pastry.,[],한과 [Hangwa],0,https://via.placeholder.com/512?text=Walnut+Cake
779,호박엿,Pumpkin Taffy,Pumpkin starch syrup boiled down.,[],한과 [Hangwa],0,https://via.placeholder.com/512?text=Pumpkin+Yeot
780,흑임자다식,Black Sesame Tea Confectionery,Powdered black sesame mixed with honey.,[],한과 [Hangwa],0,https://via.placeholder.com/512?text=Black+Sesame+Dasik
781,구기자차,Wolfberry Tea,Wolfberry simmered in water and sweetened.,[],음청류 [Eumcheongryu],0,https://via.placeholder.com/512?text=Wolfberry+Tea
782,꽃차,Flower Tea,Tea brewed from edible flowers.,[],음청류 [Eumcheongryu],0,https://via.placeholder.com/512?text=Flower+Tea
783,녹차,Green Tea,Dried green tea leaves brewed in water.,[],음청류 [Eumcheongryu],0,https://via.placeholder.com/512?text=Green+Tea
784,단호박식혜,Pumpkin Sweet Rice Punch,Sweet pumpkin mixed with malted rice punch.,[],음청류 [Eumcheongryu],0,https://via.placeholder.com/512?text=Pumpkin+Sikhye
785,대추차,Jujube Tea,Jujubes simmered and sweetened.,[],음청류 [Eumcheongryu],0,https://via.placeholder.com/512?text=Jujube+Tea
786,막걸리,Unrefined Rice Wine,Fermented rice wine.,[],음청류 [Eumcheongryu],0,https://via.placeholder.com/512?text=Makgeolli
787,매실차,Green Plum Tea,Plum syrup mixed with water.,[],음청류 [Eumcheongryu],0,https://via.placeholder.com/512?text=Plum+Tea
788,모과차,Quince Tea,Dried quince simmered.,[],음청류 [Eumcheongryu],0,https://via.placeholder.com/512?text=Quince+Tea
789,미숫가루,Roasted Grain Powder,Roasted grain powder mixed with water.,[],음청류 [Eumcheongryu],0,https://via.placeholder.com/512?text=Misugaru
790,생강차,Ginger Tea,Boiled ginger with dates.,[],음청류 [Eumcheongryu],0,https://via.placeholder.com/512?text=Ginger+Tea
791,수정과,Cinnamon Punch,Cinnamon and ginger punch.,[],음청류 [Eumcheongryu],0,https://via.placeholder.com/512?text=Sojeonggwa
792,식혜,Sweet Rice Punch,Fermented rice punch.,[],음청류 [Eumcheongryu],0,https://via.placeholder.com/512?text=Sikhye
793,쌍화차,Medicinal Herb Tea,Herbal decoction with nuts.,[],음청류 [Eumcheongryu],0,https://via.placeholder.com/512?text=Ssanghwa+Tea
794,오미자화채,Omija Punch,Omija punch with pear.,[],음청류 [Eumcheongryu],0,https://via.placeholder.com/512?text=Omija+Punch
795,유자차,Citrus Tea,Sweetened yuja preserve with hot water.,[],음청류 [Eumcheongryu],0,https://via.placeholder.com/512?text=Yuja+Tea
796,유자화채,Citrus Punch,Citrus punch with fruit.,[],음청류 [Eumcheongryu],0,https://via.placeholder.com/512?text=Citrus+Punch
797,인삼차,Ginseng Tea,Ginseng brewed in hot water.,[],음청류 [Eumcheongryu],0,https://via.placeholder.com/512?text=Ginseng+Tea
798,칡차,Arrowroot Tea,Arrowroot decoction.,[],음청류 [Eumcheongryu],0,https://via.placeholder.com/512?text=Arrowroot+Tea
799,팥빙수,Shaved Ice with Red Bean Topping,Shaved ice topped with red beans.,[],음청류 [Eumcheongryu],0,https://via.placeholder.com/512?text=Bingsu
800,홍삼차,Red Ginseng Tea,Red ginseng extract mixed with hot water.,[],음청류 [Eumcheongryu],0,https://via.placeholder.com/512?text=Red+Ginseng+Tea
